{
  "parent": "minecraft:recipes/root",
  "rewards": {
    "recipes": [
      "alloyedguns:basic_bullet"
    ]
  },
  "criteria": {
    "has_copper_ingot": {
      "trigger": "minecraft:inventory_changed",
      "conditions": {
        "items": [
          {
            "items": [
              "minecraft:copper_ingot"
            ]
          }
        ]
      }
    },
    "has_gunpowder": {
      "trigger": "minecraft:inventory_changed",
      "conditions": {
        "items": [
          {
            "tag": "forge:gunpowder"
          }
        ]
      }
    },
    "has_the_recipe": {
      "trigger": "minecraft:recipe_unlocked",
      "conditions": {
        "recipe": "alloyedguns:basic_bullet"
      }
    }
  },
  "requirements": [
    [
      "has_copper_ingot",
      "has_gunpowder",
      "has_the_recipe"
    ]
  ]
}