{
  "parent": "minecraft:recipes/root",
  "rewards": {
    "recipes": [
      "alloyedguns:medium_scope"
    ]
  },
  "criteria": {
    "has_iron_ingot": {
      "trigger": "minecraft:inventory_changed",
      "conditions": {
        "items": [
          {
            "tag": "forge:nuggets/iron"
          }
        ]
      }
    },
    "has_glass_pane": {
      "trigger": "minecraft:inventory_changed",
      "conditions": {
        "items": [
          {
            "tag": "forge:glass_panes"
          }
        ]
      }
    },
    "has_redstone": {
      "trigger": "minecraft:inventory_changed",
      "conditions": {
        "items": [
          {
            "tag": "forge:dusts/redstone"
          }
        ]
      }
    },
    "has_the_recipe": {
      "trigger": "minecraft:recipe_unlocked",
      "conditions": {
        "recipe": "alloyedguns:medium_scope"
      }
    }
  },
  "requirements": [
    [
      "has_iron_ingot",
      "has_glass_pane",
      "has_redstone",
      "has_the_recipe"
    ]
  ]
}