{
  "parent": "minecraft:recipes/root",
  "rewards": {
    "recipes": [
      "alloyedguns:silencer"
    ]
  },
  "criteria": {
    "has_iron_ingot": {
      "trigger": "minecraft:inventory_changed",
      "conditions": {
        "items": [
          {
            "tag": "forge:nuggets/iron"
          }
        ]
      }
    },
    "has_the_recipe": {
      "trigger": "minecraft:recipe_unlocked",
      "conditions": {
        "recipe": "alloyedguns:silencer"
      }
    }
  },
  "requirements": [
    [
      "has_iron_ingot",
      "has_the_recipe"
    ]
  ]
}