{
  "parent": "minecraft:recipes/root",
  "rewards": {
    "recipes": [
      "alloyedguns:workbench"
    ]
  },
  "criteria": {
    "has_concrete": {
      "trigger": "minecraft:inventory_changed",
      "conditions": {
        "items": [
          {
            "item": "minecraft:light_gray_concrete"
          }
        ]
      }
    },
    "has_iron": {
      "trigger": "minecraft:inventory_changed",
      "conditions": {
        "items": [
          {
            "tag": "forge:ingots/iron"
          }
        ]
      }
    },
    "has_the_recipe": {
      "trigger": "minecraft:recipe_unlocked",
      "conditions": {
        "recipe": "alloyedguns:workbench"
      }
    }
  },
  "requirements": [
    [
      "has_concrete",
      "has_iron",
      "has_the_recipe"
    ]
  ]
}