{
    "parent": "builtin/entity",
    "display": {
        "thirdperson_righthand": {
            "translation": [ 0, 6.5, -6.75 ],
            "scale": [ 1.1, 1.1, 1.1 ]
        },
        "firstperson_righthand": {
            "translation": [ -5.0, 8.5, 0 ],
            "scale": [ 0.8, 0.8, 0.8 ]
        },
        "ground": {
            "translation": [ 0, 5, -2.5 ]
        },
        "gui": {
            "rotation": [ 30, 225, 0 ],
            "translation": [ 2.25, 5.25, 0 ],
            "scale": [ 1.3, 1.3, 1.3 ]
        },
        "fixed": {
            "rotation": [ 0, 90, 0 ],
            "translation": [ -5.5, 12, -2 ],
            "scale": [ 2, 2, 2 ]
        }
    }
}