{
	"credit": "End_Rage waz here",
	"textures": {
		"0": "alloyedguns:items/rifle",
		"particle": "alloyedguns:items/rifle"
	},
	"elements": [
		{
			"from": [7.5, 1, 6],
			"to": [8.5, 1.5, 8.5],
			"rotation": {"angle": 0, "axis": "y", "origin": [8, 2.5, 13]},
			"faces": {
				"north": {"uv": [0, 6, 1, 6.5], "texture": "#0"},
				"east": {"uv": [0, 6.5, 0.5, 4], "rotation": 90, "texture": "#0"},
				"south": {"uv": [0, 6, 1, 6.5], "texture": "#0"},
				"west": {"uv": [0, 4, 0.5, 6.5], "rotation": 90, "texture": "#0"},
				"up": {"uv": [0, 0, 0, 0], "texture": "#0"},
				"down": {"uv": [1, 4, 0, 6.5], "texture": "#0"}
			}
		},
		{
			"from": [7.75, 0.50262, 6.00052],
			"to": [8.25, 1.00262, 8.50052],
			"rotation": {"angle": 22.5, "axis": "x", "origin": [8, 0.75262, 7.25052]},
			"faces": {
				"north": {"uv": [0.5, 6, 1, 6.5], "texture": "#0"},
				"east": {"uv": [0.5, 6.5, 1, 4], "rotation": 90, "texture": "#0"},
				"south": {"uv": [0.5, 6, 1, 6.5], "texture": "#0"},
				"west": {"uv": [0.5, 4, 1, 6.5], "rotation": 90, "texture": "#0"},
				"up": {"uv": [0, 0, 0, 0], "texture": "#0"},
				"down": {"uv": [1, 4, 0.5, 6.5], "texture": "#0"}
			}
		},
		{
			"from": [7.75, 0, 8],
			"to": [8.25, 1, 8.5],
			"rotation": {"angle": 0, "axis": "y", "origin": [8, 2.5, 13]},
			"faces": {
				"north": {"uv": [0, 5, 0.5, 4], "texture": "#0"},
				"east": {"uv": [0.5, 4, 1, 5], "rotation": 180, "texture": "#0"},
				"south": {"uv": [0, 4, 0.5, 5], "texture": "#0"},
				"west": {"uv": [0.5, 4, 1, 5], "rotation": 180, "texture": "#0"},
				"up": {"uv": [0, 0, 0, 0], "texture": "#0"},
				"down": {"uv": [0.5, 4, 0, 4.5], "rotation": 90, "texture": "#0"}
			}
		}
	],
	"display": {
		"thirdperson_righthand": {
			"translation": [0, 7, 0.5]
		},
		"thirdperson_lefthand": {
			"translation": [0, 7, 0.5]
		},
		"firstperson_righthand": {
			"translation": [0, 9, 2.75]
		},
		"firstperson_lefthand": {
			"translation": [0, 9, 2.75]
		},
		"ground": {
			"translation": [0, 3.75, 0]
		},
		"gui": {
			"rotation": [-7, -111, 0],
			"translation": [-2, 21.25, 0],
			"scale": [3, 3, 3]
		},
		"fixed": {
			"rotation": [0, 90, 0],
			"translation": [0.75, 12.25, 0.25],
			"scale": [2, 2, 2]
		}
	}
}