{
	"credit": "Model by MrCrayfish (https://twitter.com/MrCraayfish) using Blockbench",
	"textures": {
		"0": "alloyedguns:items/weighted_stock",
		"particle": "alloyedguns:items/weighted_stock"
	},
	"elements": [
		{
			"from": [7.75, 2.75, 14.5],
			"to": [8.25, 3.25, 19.5],
			"rotation": {"angle": -45, "axis": "z", "origin": [8, 3, 15]},
			"faces": {
				"north": {"uv": [0, 4.5, 0.5, 5], "texture": "#0"},
				"east": {"uv": [0, 4.5, 0.5, 9.5], "rotation": 90, "texture": "#0"},
				"south": {"uv": [0, 4.5, 0.5, 5], "texture": "#0"},
				"west": {"uv": [0, 4.5, 0.5, 9.5], "rotation": 90, "texture": "#0"},
				"up": {"uv": [0, 4.5, 0.5, 9.5], "texture": "#0"},
				"down": {"uv": [0, 4.5, 0.5, 9.5], "texture": "#0"}
			}
		},
		{
			"from": [7.5, 1, 19.5],
			"to": [8.5, 3.5, 20],
			"rotation": {"angle": 0, "axis": "y", "origin": [8.25, 3, 22]},
			"faces": {
				"north": {"uv": [9.5, 6, 10.5, 8.5], "texture": "#0"},
				"east": {"uv": [9.5, 6, 10, 8.5], "texture": "#0"},
				"south": {"uv": [9.5, 6, 10.5, 8.5], "texture": "#0"},
				"west": {"uv": [9.5, 6, 10, 8.5], "texture": "#0"},
				"up": {"uv": [9.5, 6, 10, 7], "rotation": 90, "texture": "#0"},
				"down": {"uv": [9.5, 6, 10, 7], "rotation": 90, "texture": "#0"}
			}
		}
	],
	"display": {
		"thirdperson_righthand": {
			"translation": [0, 7, -9]
		},
		"thirdperson_lefthand": {
			"translation": [0, 7, -9]
		},
		"firstperson_righthand": {
			"translation": [0, 9, -8.5]
		},
		"firstperson_lefthand": {
			"translation": [0, 9, -8.5]
		},
		"ground": {
			"translation": [1, 3.5, -8.5]
		},
		"gui": {
			"rotation": [30, 225, 0],
			"translation": [22.5, 4.75, 0],
			"scale": [3, 3, 3]
		},
		"head": {
			"translation": [0, 20.5, -23],
			"scale": [2, 2, 2]
		},
		"fixed": {
			"rotation": [0, 90, 0],
			"translation": [-22, 12.25, 0.25],
			"scale": [2, 2, 2]
		}
	}
}