{
    "parent": "builtin/entity",
    "display": {
        "thirdperson_righthand": {
            "rotation": [ 22.5, 0, 0 ],
            "translation": [ 0, 10, -4 ],
            "scale": [ 1.2, 1.2, 1.2 ]
        },
        "firstperson_righthand": {
            "translation": [ -5.0, 8.5, 0 ],
            "scale": [ 0.8, 0.8, 0.8 ]
        },
        "ground": {
            "translation": [ 0, 5, -5.5 ]
        },
        "gui": {
            "rotation": [ 30, 225, 0 ],
            "translation": [ 5, 4.25, 0 ],
            "scale": [ 1.3, 1.3, 1.3 ]
        },
        "fixed": {
            "rotation": [ 0, 90, 0 ],
            "translation": [ -10.75, 12.5, -2 ],
            "scale": [ 2, 2, 2 ]
        }
    }
}