{
	"credit": "Made with Blockbench",
	"textures": {
		"6": "alloyedguns:items/medium_scope",
		"particle": "alloyedguns:items/medium_scope"
	},
	"elements": [
		{
			"from": [7.5, 7.975, 6.55],
			"to": [8.5, 10.975, 8.05],
			"rotation": {"angle": 0, "axis": "y", "origin": [8, 8.125, 5.85]},
			"faces": {
				"north": {"uv": [0, 8, 1, 11], "texture": "#6"},
				"east": {"uv": [2, 4, 3.5, 7], "texture": "#6"},
				"south": {"uv": [1, 8, 2, 11], "texture": "#6"},
				"west": {"uv": [4, 4, 5.5, 7], "texture": "#6"},
				"up": {"uv": [10, 3.5, 9, 2], "texture": "#6"},
				"down": {"uv": [5, 9, 4, 10.5], "texture": "#6"}
			}
		},
		{
			"from": [7.25, 7.975, 6.3],
			"to": [8.75, 8.475, 8.3],
			"rotation": {"angle": 0, "axis": "y", "origin": [8, 8.125, 5.85]},
			"faces": {
				"north": {"uv": [10, 2, 11.5, 2.5], "texture": "#6"},
				"east": {"uv": [5, 9, 7, 9.5], "texture": "#6"},
				"south": {"uv": [10, 3, 11.5, 3.5], "texture": "#6"},
				"west": {"uv": [2, 10, 4, 10.5], "texture": "#6"},
				"up": {"uv": [9.5, 6, 8, 4], "texture": "#6"},
				"down": {"uv": [9.5, 6, 8, 8], "texture": "#6"}
			}
		},
		{
			"from": [7.25, 8.875, 6.8],
			"to": [8.75, 10.375, 9.55],
			"rotation": {"angle": 0, "axis": "y", "origin": [8.375, 10.025, 6.8]},
			"faces": {
				"north": {"uv": [8, 8, 9.5, 9.5], "texture": "#6"},
				"east": {"uv": [6, 0, 8.75, 1.5], "texture": "#6"},
				"south": {"uv": [9, 0, 10.5, 1.5], "texture": "#6"},
				"west": {"uv": [6, 2, 8.75, 3.5], "texture": "#6"},
				"up": {"uv": [7.5, 6.75, 6, 4], "texture": "#6"},
				"down": {"uv": [3.5, 7, 2, 9.75], "texture": "#6"}
			}
		},
		{
			"from": [7.15, 8.775, 5.3],
			"to": [8.85, 10.475, 8.55],
			"rotation": {"angle": 0, "axis": "y", "origin": [8.375, 10.025, 11.4]},
			"faces": {
				"north": {"uv": [4, 7, 5.75, 8.75], "texture": "#6"},
				"east": {"uv": [0, 0, 3.25, 1.75], "texture": "#6"},
				"south": {"uv": [6, 7, 7.75, 8.75], "texture": "#6"},
				"west": {"uv": [0, 2, 3.25, 3.75], "texture": "#6"},
				"up": {"uv": [1.75, 7.25, 0, 4], "texture": "#6"},
				"down": {"uv": [5.75, 0, 4, 3.25], "texture": "#6"}
			}
		}
	],
	"display": {
		"thirdperson_righthand": {
			"rotation": [15, 0, 0],
			"translation": [0, -0.25, 0],
			"scale": [1.5, 1.5, 1.5]
		},
		"firstperson_righthand": {
			"translation": [-2.5, 3.5, 3],
			"scale": [1.5, 1.5, 1.5]
		},
		"ground": {
			"translation": [0, -3, 0],
			"scale": [2, 2, 2]
		},
		"gui": {
			"rotation": [30, 225, 0],
			"translation": [-1.25, -3.5, 0],
			"scale": [3, 3, 3]
		},
		"fixed": {
			"rotation": [0, 90, 0],
			"translation": [0, -3.75, -2],
			"scale": [3, 3, 3]
		}
	}
}