{
	"credit": "Made with Blockbench",
	"texture_size": [8, 8],
	"textures": {
		"0": "alloyedguns:items/short_scope",
		"particle": "alloyedguns:items/short_scope"
	},
	"elements": [
		{
			"from": [7.25, 7.875, 5.325],
			"to": [8.75, 8.875, 7.825],
			"rotation": {"angle": 0, "axis": "y", "origin": [8, 7.525, 5.125]},
			"faces": {
				"north": {"uv": [3, 3, 6, 5], "texture": "#0"},
				"east": {"uv": [2, 3, 0, 8], "rotation": 90, "texture": "#0"},
				"south": {"uv": [2, 4, 0, 7], "rotation": 90, "texture": "#0"},
				"west": {"uv": [2, 8, 0, 3], "rotation": 90, "texture": "#0"},
				"up": {"uv": [0, 10, 3, 5], "texture": "#0"},
				"down": {"uv": [0, 8, 3, 3], "texture": "#0"}
			}
		},
		{
			"from": [7.25, 8.875, 5.325],
			"to": [8.75, 10.375, 6.325],
			"rotation": {"angle": 0, "axis": "y", "origin": [8.375, 10.025, 3.325]},
			"faces": {
				"east": {"uv": [2, 0, 0, 3], "texture": "#0"},
				"west": {"uv": [0, 0, 2, 3], "texture": "#0"},
				"up": {"uv": [2, 3, 4, 0], "rotation": 90, "texture": "#0"},
				"down": {"uv": [6, 3, 4, 0], "rotation": 90, "texture": "#0"}
			}
		}
	],
	"display": {
		"thirdperson_righthand": {
			"rotation": [15, 0, 0],
			"translation": [0, -0.25, 0],
			"scale": [1.5, 1.5, 1.5]
		},
		"thirdperson_lefthand": {
			"translation": [0, 0, 3]
		},
		"firstperson_righthand": {
			"translation": [-2.5, 3.5, 3],
			"scale": [1.5, 1.5, 1.5]
		},
		"firstperson_lefthand": {
			"translation": [0, 0, 3.5]
		},
		"ground": {
			"translation": [0, -3, 0],
			"scale": [2, 2, 2]
		},
		"gui": {
			"rotation": [30, 225, 0],
			"translation": [-1.25, -3.5, 0],
			"scale": [3, 3, 3]
		},
		"fixed": {
			"rotation": [0, 90, 0],
			"translation": [0, -3.75, -2],
			"scale": [3, 3, 3]
		}
	}
}