{
	"credit": "Made with Blockbench",
	"texture_size": [8, 8],
	"textures": {
		"0": "alloyedguns:items/silencer",
		"particle": "alloyedguns:items/silencer"
	},
	"elements": [
		{
			"from": [7.25, 8.0061, 5.5],
			"to": [8.75, 9.5061, 10.5],
			"rotation": {"angle": 45, "axis": "z", "origin": [8, 8.7561, 8]},
			"faces": {
				"north": {"uv": [11, 0, 14, 3], "texture": "#0"},
				"east": {"uv": [0, 0, 10, 3], "texture": "#0"},
				"south": {"uv": [11, 0, 14, 3], "rotation": 90, "texture": "#0"},
				"west": {"uv": [10, 4, 0, 7], "texture": "#0"},
				"up": {"uv": [0, 0, 10, 3], "rotation": 90, "texture": "#0"},
				"down": {"uv": [10, 4, 0, 7], "rotation": 90, "texture": "#0"}
			}
		}
	],
	"display": {
		"thirdperson_righthand": {
			"rotation": [-90, 0, 0],
			"translation": [0, -2, 0],
			"scale": [1.2, 1.2, 1.2]
		},
		"thirdperson_lefthand": {
			"rotation": [-90, 0, 0],
			"translation": [0, -2, 0],
			"scale": [1.2, 1.2, 1.2]
		},
		"firstperson_righthand": {
			"rotation": [90, 0, 0],
			"translation": [0, 1.6, 0.8]
		},
		"firstperson_lefthand": {
			"rotation": [90, 0, 0],
			"translation": [0, 1.6, 0.8]
		},
		"ground": {
			"rotation": [-90, 0, 0],
			"translation": [0, -2.3, 0]
		},
		"gui": {
			"rotation": [30, 225, 0],
			"translation": [0, -2, 0],
			"scale": [3, 3, 3]
		},
		"head": {
			"rotation": [27.5, 0, 0],
			"translation": [0, 4.25, -11],
			"scale": [2, 2, 2]
		},
		"fixed": {
			"rotation": [0, 90, 0],
			"translation": [0, -1.5, 0],
			"scale": [2, 2, 2]
		}
	}
}