{
  "general": {
    "rate": 6,
    "gripType": "alloyedguns:one_handed",
    "maxAmmo": 6,
    "reloadAmount": 1,
    "recoilAngle": 10.0,
    "recoilAdsReduction": 0.5,
    "alwaysSpread": true,
    "spread": 2.0
  },
  "projectile": {
    "item": "alloyedguns:basic_bullet",
    "damage": 9.0,
    "size": 0.2,
    "speed": 10.0,
    "life": 25,
    "gravity": true
  },
  "sounds": {
    "fire": "alloyedguns:item.pistol.fire",
    "reload": "alloyedguns:item.pistol.reload",
    "cock": "alloyedguns:item.pistol.cock",
    "silencedFire": "alloyedguns:item.pistol.silenced_fire",
    "enchantedFire": "alloyedguns:item.pistol.enchanted_fire"
  },
  "display": {
    "flash": {
      "yOffset": 3.0,
      "zOffset": 0.64
    }
  },
  "modules": {
    "zoom": {
      "yOffset": 4.0,
      "zOffset": -1.0,
      "fovModifier": 0.7
    },
    "attachments": {
      "scope": {
        "yOffset": 3.7,
        "zOffset": 5.8,
        "scale": 1.0
      },
      "barrel": {
        "yOffset": 2.25,
        "zOffset": -2.0,
        "scale": 1.0
      },
      "stock": {
        "yOffset": 7.7,
        "zOffset": -0.4
      }
    }
  }
}