{
  "general": {
    "rate": 8,
    "gripType": "alloyedguns:two_handed",
    "maxAmmo": 6,
    "reloadAmount": 1,
    "recoilAngle": 10.0,
    "recoilKick": 0.5,
    "recoilAdsReduction": 0.5,
    "alwaysSpread": true,
    "spread": 1.0
  },
  "projectile": {
    "item": "alloyedguns:advanced_bullet",
    "damage": 13.0,
    "size": 0.0625,
    "speed": 20.0,
    "life": 30,
    "gravity": true
  },
  "sounds": {
    "fire": "alloyedguns:item.rifle.fire",
    "reload": "alloyedguns:item.pistol.reload",
    "cock": "alloyedguns:item.rifle.cock",
    "silencedFire": "alloyedguns:item.rifle.silenced_fire",
    "enchantedFire": "alloyedguns:item.rifle.enchanted_fire"
  },
  "display": {
    "flash": {
      "yOffset": 3.0,
      "zOffset": -8.21
    }
  },
  "modules": {
    "zoom": {
      "yOffset": 4.3,
      "zOffset": 6.0,
      "fovModifier": 0.6
    },
    "attachments": {
      "scope": {
        "yOffset": 3.7,
        "zOffset": 5.3,
        "scale": 1.0
      },
      "barrel": {
        "yOffset": 2.25,
        "zOffset": -8.0,
        "scale": 1.0
      },
      "stock": {
        "yOffset": 8.0,
        "zOffset": 0.0
      },
      "underBarrel": {
        "yOffset": 8.0,
        "zOffset": 0.0
      }
    }
  }
}