{
  "general": {
    "rate": 10,
    "gripType": "alloyedguns:two_handed",
    "maxAmmo": 2,
    "reloadAmount": 1,
    "recoilAngle": 10.0,
    "recoilKick": 0.5,
    "recoilAdsReduction": 0.4,
    "projectileAmount": 5,
    "alwaysSpread": true,
    "spread": 15.0
  },
  "projectile": {
    "item": "alloyedguns:shell",
    "damage": 18.0,
    "size": 1.0,
    "speed": 10.0,
    "life": 5
  },
  "sounds": {
    "fire": "alloyedguns:item.shotgun.fire",
    "reload": "alloyedguns:item.pistol.reload",
    "cock": "alloyedguns:item.shotgun.cock",
    "silencedFire": "alloyedguns:item.shotgun.silenced_fire",
    "enchantedFire": "alloyedguns:item.shotgun.enchanted_fire"
  },
  "modules": {
    "zoom": {
      "yOffset": 4.3,
      "zOffset": 6.0,
      "fovModifier": 0.6
    },
    "attachments": {
      "scope": {
        "yOffset": 3.7,
        "zOffset": 5.3,
        "scale": 1.0
      },
      "underBarrel": {
        "yOffset": 8.0,
        "zOffset": 0.0
      },
      "stock": {
        "yOffset": 8.0,
        "zOffset": 0.6
      }
    }
  }
}