{
	"credit": "Model generated using MrCrayfish's Model Creator (http://mrcrayfish.com/modelcreator/)",
	"parent": "block/block",
	"textures": {
		"0": "alloyedguns:block/small_steel_pipe",
		"1": "alloyedguns:block/small_steel_pipe_top",
		"particle": "alloyedguns:block/small_steel_pipe"
	},
	"elements": [
		{
			"name": "Axis",
			"from": [5, 0, 5],
			"to": [11, 16, 11],
			"faces": {
				"north": {"uv": [5, 0, 11, 16], "texture": "#0"},
				"east": {"uv": [5, 0, 11, 16], "texture": "#0"},
				"south": {"uv": [5, 0, 11, 16], "texture": "#0"},
				"west": {"uv": [5, 0, 11, 16], "texture": "#0"},
				"up": {"uv": [5, 5, 11, 11], "texture": "#1"},
				"down": {"uv": [5, 5, 11, 11], "texture": "#1"}
			}
		}
	]
}