{
	"credit": "Made with Blockbench",
	"parent": "block/block",
	"textures": {
		"0": "alloyedguns:block/small_steel_pipe",
		"1": "alloyedguns:block/small_steel_pipe_top",
		"particle": "alloyedguns:block/small_steel_pipe"
	},
	"elements": [
		{
			"name": "Axis",
			"from": [5, 5, 8],
			"to": [11, 11, 16],
			"faces": {
				"north": {"uv": [5, 5, 11, 11], "rotation": 180, "texture": "#1"},
				"east": {"uv": [5, 0, 11, 8], "rotation": 270, "texture": "#0"},
				"south": {"uv": [5, 5, 11, 11], "texture": "#1"},
				"west": {"uv": [5, 0, 11, 8], "rotation": 90, "texture": "#0"},
				"up": {"uv": [5, 0, 11, 8], "rotation": 180, "texture": "#0"},
				"down": {"uv": [5, 0, 11, 8], "texture": "#0"}
			}
		}
	]
}