{
	"credit": "Made with Blockbench",
	"texture_size": [64, 64],
	"textures": {
		"8": "alloyedguns:block/workbench",
		"particle": "alloyedguns:block/steel_casing"
	},
	"elements": [
		{
			"from": [1, 12, 3],
			"to": [15, 13, 13],
			"rotation": {"angle": 0, "axis": "y", "origin": [8, 9.9625, 9.0421]},
			"faces": {
				"north": {"uv": [4, 0, 7.5, 0.25], "texture": "#8"},
				"east": {"uv": [4.5, 0, 7, 0.25], "texture": "#8"},
				"south": {"uv": [4, 0, 7.5, 0.25], "texture": "#8"},
				"west": {"uv": [4.5, 0, 7, 0.25], "texture": "#8"},
				"up": {"uv": [7.5, 2.5, 4, 0], "texture": "#8"},
				"down": {"uv": [7.5, 0, 4, 2.5], "texture": "#8"}
			}
		},
		{
			"from": [0, 13, 2],
			"to": [16, 15, 14],
			"rotation": {"angle": 0, "axis": "y", "origin": [8, 9.9625, 9.0421]},
			"faces": {
				"north": {"uv": [0, 3, 4, 3.5], "texture": "#8"},
				"east": {"uv": [0.5, 3, 3.5, 3.5], "texture": "#8"},
				"south": {"uv": [0, 3, 4, 3.5], "texture": "#8"},
				"west": {"uv": [0.5, 3.5, 3.5, 3], "texture": "#8"},
				"up": {"uv": [4, 3, 0, 6], "texture": "#8"},
				"down": {"uv": [4, 3, 0, 6], "texture": "#8"}
			}
		},
		{
			"from": [3, 3, 3],
			"to": [13, 4, 13],
			"rotation": {"angle": 0, "axis": "y", "origin": [8, 9.9625, 9.0421]},
			"faces": {
				"north": {"uv": [0.75, 0, 3.25, 0.25], "texture": "#8"},
				"east": {"uv": [0.75, 0, 3.25, 0.25], "texture": "#8"},
				"south": {"uv": [0.75, 0, 3.25, 0.25], "texture": "#8"},
				"west": {"uv": [0.75, 0.25, 3.25, 0], "texture": "#8"},
				"up": {"uv": [3.25, 0, 0.75, 2.5], "texture": "#8"},
				"down": {"uv": [3.25, 0, 0.75, 2.5], "texture": "#8"}
			}
		},
		{
			"from": [13, 3, 5],
			"to": [15, 4, 11],
			"rotation": {"angle": 0, "axis": "y", "origin": [8, 9.9625, 9.0421]},
			"faces": {
				"north": {"uv": [2.25, 0, 2.75, 0.25], "texture": "#8"},
				"east": {"uv": [2.25, 0, 3.75, 0.25], "texture": "#8"},
				"south": {"uv": [2.25, 0, 2.75, 0.25], "texture": "#8"},
				"west": {"uv": [2.25, 0.25, 3.75, 0], "texture": "#8"},
				"up": {"uv": [4, 0.5, 3.5, 2], "texture": "#8"},
				"down": {"uv": [4, 0.5, 3.5, 2], "texture": "#8"}
			}
		},
		{
			"from": [1, 3, 5],
			"to": [3, 4, 11],
			"rotation": {"angle": 0, "axis": "y", "origin": [8, 9.9625, 9.0421]},
			"faces": {
				"north": {"uv": [0.25, 0, 0.75, 0.25], "texture": "#8"},
				"east": {"uv": [0.25, 0, 1.75, 0.25], "texture": "#8"},
				"south": {"uv": [0.25, 0, 0.75, 0.25], "texture": "#8"},
				"west": {"uv": [0.25, 0.25, 1.75, 0], "texture": "#8"},
				"up": {"uv": [0.75, 0.5, 0.25, 2], "texture": "#8"},
				"down": {"uv": [0.75, 0.5, 0.25, 2], "texture": "#8"}
			}
		},
		{
			"from": [13, 0, 11],
			"to": [15, 12, 13],
			"rotation": {"angle": 0, "axis": "y", "origin": [7.5, 9.9625, 8.5421]},
			"faces": {
				"north": {"uv": [4.5, 2.75, 5, 5.75], "texture": "#8"},
				"east": {"uv": [4.5, 2.75, 5, 5.75], "texture": "#8"},
				"south": {"uv": [4.5, 2.75, 5, 5.75], "texture": "#8"},
				"west": {"uv": [4.5, 2.75, 5, 5.75], "texture": "#8"},
				"up": {"uv": [4.5, 2.75, 5, 3.25], "texture": "#8"},
				"down": {"uv": [4.5, 2.75, 5, 3.25], "texture": "#8"}
			}
		},
		{
			"from": [1, 0, 11],
			"to": [3, 12, 13],
			"rotation": {"angle": 0, "axis": "y", "origin": [8.5, 9.9625, 8.5421]},
			"faces": {
				"north": {"uv": [4, 2.75, 4.5, 5.75], "texture": "#8"},
				"east": {"uv": [4, 2.75, 4.5, 5.75], "texture": "#8"},
				"south": {"uv": [4, 2.75, 4.5, 5.75], "texture": "#8"},
				"west": {"uv": [4, 2.75, 4.5, 5.75], "texture": "#8"},
				"up": {"uv": [4, 2.75, 4.5, 3.25], "texture": "#8"},
				"down": {"uv": [4, 2.75, 4.5, 3.25], "texture": "#8"}
			}
		},
		{
			"from": [13, 0, 3],
			"to": [15, 12, 5],
			"rotation": {"angle": 0, "axis": "y", "origin": [7.5, 9.9625, 7.4579]},
			"faces": {
				"north": {"uv": [4, 2.75, 4.5, 5.75], "texture": "#8"},
				"east": {"uv": [4, 2.75, 4.5, 5.75], "texture": "#8"},
				"south": {"uv": [4, 2.75, 4.5, 5.75], "texture": "#8"},
				"west": {"uv": [4, 2.75, 4.5, 5.75], "texture": "#8"},
				"up": {"uv": [4, 2.75, 4.5, 3.25], "rotation": 180, "texture": "#8"},
				"down": {"uv": [4, 2.75, 4.5, 3.25], "rotation": 180, "texture": "#8"}
			}
		},
		{
			"from": [1, 0, 3],
			"to": [3, 12, 5],
			"rotation": {"angle": 0, "axis": "y", "origin": [8.5, 9.9625, 7.4579]},
			"faces": {
				"north": {"uv": [4.5, 2.75, 5, 5.75], "texture": "#8"},
				"east": {"uv": [4.5, 2.75, 5, 5.75], "texture": "#8"},
				"south": {"uv": [4.5, 2.75, 5, 5.75], "texture": "#8"},
				"west": {"uv": [4.5, 2.75, 5, 5.75], "texture": "#8"},
				"up": {"uv": [4.5, 2.75, 5, 3.25], "rotation": 180, "texture": "#8"},
				"down": {"uv": [4.5, 2.75, 5, 3.25], "rotation": 180, "texture": "#8"}
			}
		},
		{
			"from": [3.5, 4, 3.47895],
			"to": [12.5, 8, 8.47895],
			"rotation": {"angle": 0, "axis": "y", "origin": [8, 12.45313, 9.28158]},
			"faces": {
				"north": {"uv": [0, 8.5, 2.25, 9.5], "texture": "#8"},
				"east": {"uv": [4.5, 6, 5.75, 7], "texture": "#8"},
				"south": {"uv": [2.25, 8.5, 4.5, 9.5], "texture": "#8"},
				"west": {"uv": [4.5, 7, 5.75, 8], "texture": "#8"},
				"up": {"uv": [2.25, 7.25, 0, 6], "texture": "#8"},
				"down": {"uv": [2.25, 7.25, 0, 8.5], "texture": "#8"}
			}
		},
		{
			"from": [3.5, 8, 3.47895],
			"to": [12.5, 10, 8.47895],
			"rotation": {"angle": 0, "axis": "y", "origin": [8, 12.42813, 9.28158]},
			"faces": {
				"north": {"uv": [2, 10.5, 4.25, 11], "texture": "#8"},
				"east": {"uv": [4.5, 8.5, 5.75, 9], "texture": "#8"},
				"south": {"uv": [4.5, 8, 6.75, 8.5], "texture": "#8"},
				"west": {"uv": [4.5, 9, 5.75, 9.5], "texture": "#8"},
				"up": {"uv": [4.5, 7.25, 2.25, 6], "texture": "#8"},
				"down": {"uv": [4.5, 7.25, 2.25, 8.5], "texture": "#8"}
			}
		},
		{
			"from": [5, 7.175, 7.97895],
			"to": [6, 9.175, 8.97895],
			"rotation": {"angle": 0, "axis": "y", "origin": [10.5, 12.45313, 9.28158]},
			"faces": {
				"north": {"uv": [5, 11.25, 5.25, 11.75], "texture": "#8"},
				"east": {"uv": [5.25, 11.25, 5.5, 11.75], "texture": "#8"},
				"south": {"uv": [0, 11.5, 0.25, 12], "texture": "#8"},
				"west": {"uv": [0.25, 11.5, 0.5, 12], "texture": "#8"},
				"up": {"uv": [1.75, 11.75, 1.5, 11.5], "texture": "#8"},
				"down": {"uv": [2, 11.5, 1.75, 11.75], "texture": "#8"}
			}
		},
		{
			"from": [10, 7.175, 7.97895],
			"to": [11, 9.175, 8.97895],
			"rotation": {"angle": 0, "axis": "y", "origin": [10.5, 12.45313, 9.28158]},
			"faces": {
				"north": {"uv": [5, 11.25, 5.25, 11.75], "texture": "#8"},
				"east": {"uv": [5.25, 11.25, 5.5, 11.75], "texture": "#8"},
				"south": {"uv": [0, 11.5, 0.25, 12], "texture": "#8"},
				"west": {"uv": [0.25, 11.5, 0.5, 12], "texture": "#8"},
				"up": {"uv": [1.75, 11.75, 1.5, 11.5], "texture": "#8"},
				"down": {"uv": [2, 11.5, 1.75, 11.75], "texture": "#8"}
			}
		},
		{
			"from": [5.5, 10.025, 5.97895],
			"to": [10.5, 11.025, 5.97895],
			"rotation": {"angle": 0, "axis": "y", "origin": [8, 12.42813, 9.28158]},
			"faces": {
				"north": {"uv": [2, 11, 3.25, 11.25], "texture": "#8"},
				"east": {"uv": [0, 6, 0, 6], "texture": "#8"},
				"south": {"uv": [3.25, 11, 4.5, 11.25], "texture": "#8"},
				"west": {"uv": [0, 6, 0, 6], "texture": "#8"},
				"up": {"uv": [0, 6, 0, 6], "texture": "#8"},
				"down": {"uv": [0, 6, 0, 6], "texture": "#8"}
			}
		},
		{
			"from": [4.5, 6, 4.97895],
			"to": [11.5, 7, 8.97895],
			"rotation": {"angle": 0, "axis": "y", "origin": [7.35625, 7.64063, 5.85395]},
			"faces": {
				"north": {"uv": [0, 6, 0, 6], "texture": "#8"},
				"east": {"uv": [3, 11.25, 4, 11.5], "texture": "#8"},
				"south": {"uv": [4.25, 10.75, 6, 11], "texture": "#8"},
				"west": {"uv": [4, 11.25, 5, 11.5], "texture": "#8"},
				"up": {"uv": [5.75, 10.5, 4, 9.5], "texture": "#8"},
				"down": {"uv": [1.75, 10.5, 0, 11.5], "texture": "#8"}
			}
		},
		{
			"from": [4.5, 5, 4.97895],
			"to": [11.5, 6, 8.97895],
			"rotation": {"angle": 0, "axis": "y", "origin": [7.35625, 7.64063, 5.85395]},
			"faces": {
				"north": {"uv": [0, 6, 0, 6], "texture": "#8"},
				"east": {"uv": [3, 11.25, 4, 11.5], "texture": "#8"},
				"south": {"uv": [3.25, 11.25, 5, 11.5], "texture": "#8"},
				"west": {"uv": [4, 11.25, 5, 11.5], "texture": "#8"},
				"up": {"uv": [5.75, 10.5, 4, 9.5], "texture": "#8"},
				"down": {"uv": [1.75, 10.5, 0, 11.5], "texture": "#8"}
			}
		}
	],
	"gui_light": "front",
	"display": {
		"thirdperson_righthand": {
			"rotation": [75, 45, 0],
			"translation": [0, 2.5, 0],
			"scale": [0.375, 0.375, 0.375]
		},
		"thirdperson_lefthand": {
			"rotation": [75, 45, 0],
			"translation": [0, 2.5, 0],
			"scale": [0.375, 0.375, 0.375]
		},
		"firstperson_righthand": {
			"rotation": [0, 45, 0],
			"scale": [0.4, 0.4, 0.4]
		},
		"firstperson_lefthand": {
			"rotation": [0, 225, 0],
			"scale": [0.4, 0.4, 0.4]
		},
		"ground": {
			"translation": [0, 3, 0],
			"scale": [0.25, 0.25, 0.25]
		},
		"gui": {
			"rotation": [30, 225, 0],
			"scale": [0.625, 0.625, 0.625]
		},
		"head": {
			"rotation": [-90, 0, 0],
			"translation": [0, 0, -1.25]
		},
		"fixed": {
			"scale": [0.5, 0.5, 0.5]
		}
	},
	"groups": [
		{
			"name": "group",
			"origin": [7.35625, 7.64063, 5.76974],
			"color": 0,
			"children": [0, 1, 2, 3, 4, 5, 6, 7, 8, 9, 10, 11, 12, 13, 14, 15]
		}
	]
}