{
	"credit": "Model by MrCrayfish (https://twitter.com/MrCraayfish) using Blockbench",
	"textures": {
		"1": "block/fire_1"
	},
	"elements": [
		{
			"from": [6.5, 0, 6.5],
			"to": [9.5, 16, 9.5],
			"rotation": {"angle": 0, "axis": "y", "origin": [8, 7, 8]},
			"faces": {
				"north": {"uv": [9, 16, 12, 0], "texture": "#1"},
				"east": {"uv": [9, 16, 6, 0], "texture": "#1"},
				"south": {"uv": [15, 16, 12, 0], "texture": "#1"},
				"west": {"uv": [7, 16, 4, 0], "texture": "#1"}
			}
		}
	]
}