{
	"credit": "Made with Blockbench",
	"textures": {
		"1": "alloyedguns:items/mini_gun_barrels",
		"2": "alloyedguns:items/mini_gun_base",
		"particle": "alloyedguns:items/mini_gun_barrels"
	},
	"elements": [
		{
			"from": [8.56066, 1.43934, -2],
			"to": [9.56066, 2.43934, 2],
			"rotation": {"angle": -45, "axis": "z", "origin": [9.06066, 1.93934, 6]},
			"faces": {
				"north": {"uv": [0, 3, 1, 4], "rotation": 180, "texture": "#1"},
				"east": {"uv": [0, 8, 1, 4], "rotation": 270, "texture": "#1"},
				"south": {"uv": [0, 8.5, 1, 9.5], "rotation": 180, "texture": "#1"},
				"west": {"uv": [1, 4, 0, 8], "rotation": 270, "texture": "#1"},
				"up": {"uv": [1, 8, 0, 4], "rotation": 180, "texture": "#1"},
				"down": {"uv": [0, 4, 1, 8], "rotation": 180, "texture": "#1"}
			}
		},
		{
			"from": [8.31066, 1.18934, 2],
			"to": [9.81066, 2.68934, 8],
			"rotation": {"angle": -45, "axis": "z", "origin": [9.06066, 1.93934, 6]},
			"faces": {
				"north": {"uv": [7.5, 0, 9, 1.5], "rotation": 180, "texture": "#1"},
				"east": {"uv": [8.5, 12.5, 10, 6.5], "rotation": 270, "texture": "#1"},
				"south": {"uv": [4.5, 1.5, 6, 3], "rotation": 90, "texture": "#1"},
				"west": {"uv": [10, 6.5, 8.5, 12.5], "rotation": 270, "texture": "#1"},
				"up": {"uv": [12, 12.5, 10.5, 6.5], "rotation": 180, "texture": "#1"},
				"down": {"uv": [10.5, 6.5, 12, 12.5], "rotation": 180, "texture": "#1"}
			}
		},
		{
			"from": [9.87132, 1.68934, 5.99],
			"to": [10.87132, 2.18934, 6],
			"rotation": {"angle": 0, "axis": "y", "origin": [10.62132, 1.68934, 8.995]},
			"faces": {
				"north": {"uv": [0, 0, 0, 0], "rotation": 180, "texture": "#1"},
				"east": {"uv": [0, 0, 0, 0], "rotation": 180, "texture": "#1"},
				"south": {"uv": [0.5, 10.5, 1.5, 11], "rotation": 180, "texture": "#1"},
				"west": {"uv": [0, 0, 0, 0], "rotation": 180, "texture": "#1"},
				"up": {"uv": [0, 0, 0, 0], "rotation": 180, "texture": "#1"},
				"down": {"uv": [0, 0, 0, 0], "rotation": 180, "texture": "#1"}
			}
		},
		{
			"from": [9.38566, 1.18934, 3],
			"to": [10.38566, 2.68934, 5.5],
			"rotation": {"angle": 0, "axis": "y", "origin": [9.91421, 1.98223, 4.25]},
			"faces": {
				"north": {"uv": [1.5, 8, 0, 9], "rotation": 270, "texture": "#1"},
				"east": {"uv": [1.5, 7.5, 0, 10], "rotation": 270, "texture": "#1"},
				"south": {"uv": [0, 8, 1.5, 9], "rotation": 90, "texture": "#1"},
				"west": {"uv": [1.5, 10, 0, 7.5], "rotation": 270, "texture": "#1"},
				"up": {"uv": [1, 10, 0, 7.5], "rotation": 180, "texture": "#1"},
				"down": {"uv": [0, 10, 1, 7.5], "rotation": 180, "texture": "#1"}
			}
		},
		{
			"from": [10.38566, 1.43934, 3.25],
			"to": [16.38566, 2.43934, 5.25],
			"rotation": {"angle": 0, "axis": "y", "origin": [11.88566, 1.68934, 4]},
			"faces": {
				"north": {"uv": [5, 10, 4, 16], "rotation": 270, "texture": "#1"},
				"east": {"uv": [4, 10, 5, 12], "rotation": 90, "texture": "#1"},
				"south": {"uv": [5, 16, 4, 10], "rotation": 270, "texture": "#1"},
				"west": {"uv": [0, 0, 0, 0], "rotation": 270, "texture": "#1"},
				"up": {"uv": [4, 16, 6, 10], "rotation": 90, "texture": "#1"},
				"down": {"uv": [4, 10, 6, 16], "rotation": 270, "texture": "#1"}
			}
		},
		{
			"from": [6.43934, 1.43934, -2],
			"to": [7.43934, 2.43934, 2],
			"rotation": {"angle": -45, "axis": "z", "origin": [6.93934, 1.93934, 6]},
			"faces": {
				"north": {"uv": [0, 3, 1, 4], "texture": "#1"},
				"east": {"uv": [1, 4, 0, 8], "rotation": 90, "texture": "#1"},
				"south": {"uv": [0, 8.5, 1, 9.5], "texture": "#1"},
				"west": {"uv": [0, 8, 1, 4], "rotation": 90, "texture": "#1"},
				"up": {"uv": [0, 4, 1, 8], "texture": "#1"},
				"down": {"uv": [1, 8, 0, 4], "texture": "#1"}
			}
		},
		{
			"from": [6.18934, 1.18934, 2],
			"to": [7.68934, 2.68934, 8],
			"rotation": {"angle": -45, "axis": "z", "origin": [6.93934, 1.93934, 6]},
			"faces": {
				"north": {"uv": [7.5, 0, 9, 1.5], "rotation": 180, "texture": "#1"},
				"east": {"uv": [10, 6.5, 8.5, 12.5], "rotation": 90, "texture": "#1"},
				"south": {"uv": [4.5, 1.5, 6, 3], "rotation": 90, "texture": "#1"},
				"west": {"uv": [8.5, 12.5, 10, 6.5], "rotation": 90, "texture": "#1"},
				"up": {"uv": [10.5, 6.5, 12, 12.5], "texture": "#1"},
				"down": {"uv": [12, 12.5, 10.5, 6.5], "texture": "#1"}
			}
		},
		{
			"from": [5.93934, 0.93934, 8],
			"to": [9.43934, 4.43934, 9],
			"rotation": {"angle": -45, "axis": "z", "origin": [6.93934, 1.93934, 5]},
			"faces": {
				"north": {"uv": [12, 10.5, 15.5, 14], "texture": "#1"},
				"east": {"uv": [9.5, 1, 6, 2], "rotation": 90, "texture": "#1"},
				"south": {"uv": [10, 0, 13.5, 3.5], "rotation": 90, "texture": "#1"},
				"west": {"uv": [6, 2, 9.5, 1], "rotation": 90, "texture": "#1"},
				"up": {"uv": [6, 1, 9.5, 2], "texture": "#1"},
				"down": {"uv": [9.5, 2, 6, 1], "texture": "#1"}
			}
		},
		{
			"from": [5.12868, 1.68934, 5.99],
			"to": [6.12868, 2.18934, 6],
			"rotation": {"angle": 0, "axis": "y", "origin": [5.37868, 1.68934, 8.995]},
			"faces": {
				"north": {"uv": [0, 0, 0, 0], "texture": "#1"},
				"east": {"uv": [0, 0, 0, 0], "texture": "#1"},
				"south": {"uv": [0.5, 10.5, 1.5, 11], "texture": "#1"},
				"west": {"uv": [0, 0, 0, 0], "texture": "#1"},
				"up": {"uv": [0, 0, 0, 0], "texture": "#1"},
				"down": {"uv": [0, 0, 0, 0], "texture": "#1"}
			}
		},
		{
			"from": [5.61434, 1.18934, 3],
			"to": [6.61434, 2.68934, 5.5],
			"rotation": {"angle": 0, "axis": "y", "origin": [6.08579, 1.89645, 4.25]},
			"faces": {
				"north": {"uv": [1.5, 8, 0, 9], "rotation": 90, "texture": "#1"},
				"east": {"uv": [1.5, 10, 0, 7.5], "rotation": 90, "texture": "#1"},
				"south": {"uv": [0, 8, 1.5, 9], "rotation": 270, "texture": "#1"},
				"west": {"uv": [1.5, 7.5, 0, 10], "rotation": 90, "texture": "#1"},
				"up": {"uv": [0, 10, 1, 7.5], "texture": "#1"},
				"down": {"uv": [1, 10, 0, 7.5], "texture": "#1"}
			}
		},
		{
			"from": [-0.38566, 1.43934, 3.25],
			"to": [5.61434, 2.43934, 5.25],
			"rotation": {"angle": 0, "axis": "y", "origin": [4.11434, 2.18934, 4]},
			"faces": {
				"north": {"uv": [5, 10, 4, 16], "rotation": 90, "texture": "#1"},
				"east": {"uv": [0, 0, 0, 0], "rotation": 90, "texture": "#1"},
				"south": {"uv": [5, 16, 4, 10], "rotation": 90, "texture": "#1"},
				"west": {"uv": [4, 10, 5, 12], "rotation": 270, "texture": "#1"},
				"up": {"uv": [4, 10, 6, 16], "rotation": 90, "texture": "#1"},
				"down": {"uv": [4, 16, 6, 10], "rotation": 270, "texture": "#1"}
			}
		},
		{
			"from": [7.5, 2.5, -2],
			"to": [8.5, 3.5, 2],
			"rotation": {"angle": -45, "axis": "z", "origin": [8, 3, 6]},
			"faces": {
				"north": {"uv": [0, 3, 1, 4], "rotation": 270, "texture": "#1"},
				"east": {"uv": [0, 4, 1, 8], "rotation": 90, "texture": "#1"},
				"south": {"uv": [0, 8.5, 1, 9.5], "rotation": 90, "texture": "#1"},
				"west": {"uv": [1, 8, 0, 4], "rotation": 90, "texture": "#1"},
				"up": {"uv": [0, 8, 1, 4], "rotation": 180, "texture": "#1"},
				"down": {"uv": [1, 4, 0, 8], "rotation": 180, "texture": "#1"}
			}
		},
		{
			"from": [7.25, 2.25, 2],
			"to": [8.75, 3.75, 8],
			"rotation": {"angle": -45, "axis": "z", "origin": [8, 3, 6]},
			"faces": {
				"north": {"uv": [7.5, 0, 9, 1.5], "rotation": 180, "texture": "#1"},
				"east": {"uv": [10.5, 6.5, 12, 12.5], "rotation": 90, "texture": "#1"},
				"south": {"uv": [4.5, 1.5, 6, 3], "rotation": 90, "texture": "#1"},
				"west": {"uv": [12, 12.5, 10.5, 6.5], "rotation": 90, "texture": "#1"},
				"up": {"uv": [8.5, 12.5, 10, 6.5], "rotation": 180, "texture": "#1"},
				"down": {"uv": [10, 6.5, 8.5, 12.5], "rotation": 180, "texture": "#1"}
			}
		},
		{
			"from": [7.25, 0.75, -1],
			"to": [10.25, 3.75, -0.5],
			"rotation": {"angle": -45, "axis": "z", "origin": [8, 3, 3]},
			"faces": {
				"north": {"uv": [0, 0, 3, 3], "rotation": 180, "texture": "#1"},
				"east": {"uv": [0, 0, 3, 0.5], "rotation": 90, "texture": "#1"},
				"south": {"uv": [0, 0, 3, 3], "rotation": 90, "texture": "#1"},
				"west": {"uv": [3, 0.5, 0, 0], "rotation": 90, "texture": "#1"},
				"up": {"uv": [0, 0.5, 3, 0], "rotation": 180, "texture": "#1"},
				"down": {"uv": [3, 0, 0, 0.5], "rotation": 180, "texture": "#1"}
			}
		},
		{
			"from": [7.75, 3.81066, 5.99],
			"to": [8.25, 4.81066, 6],
			"rotation": {"angle": 0, "axis": "y", "origin": [8.25, 4.56066, 8.995]},
			"faces": {
				"north": {"uv": [0, 0, 0, 0], "rotation": 270, "texture": "#1"},
				"east": {"uv": [0, 0, 0, 0], "rotation": 90, "texture": "#1"},
				"south": {"uv": [0.5, 10.5, 1.5, 11], "rotation": 90, "texture": "#1"},
				"west": {"uv": [0, 0, 0, 0], "rotation": 90, "texture": "#1"},
				"up": {"uv": [0, 0, 0, 0], "rotation": 90, "texture": "#1"},
				"down": {"uv": [0, 0, 0, 0], "rotation": 90, "texture": "#1"}
			}
		},
		{
			"from": [7.25, 3.325, 3],
			"to": [8.75, 4.325, 5.5],
			"rotation": {"angle": 0, "axis": "y", "origin": [7.95711, 3.85355, 4.25]},
			"faces": {
				"north": {"uv": [1.5, 8, 0, 9], "texture": "#1"},
				"east": {"uv": [0, 10, 1, 7.5], "rotation": 90, "texture": "#1"},
				"south": {"uv": [0, 8, 1.5, 9], "texture": "#1"},
				"west": {"uv": [1, 10, 0, 7.5], "rotation": 90, "texture": "#1"},
				"up": {"uv": [1.5, 7.5, 0, 10], "rotation": 180, "texture": "#1"},
				"down": {"uv": [1.5, 10, 0, 7.5], "rotation": 180, "texture": "#1"}
			}
		},
		{
			"from": [7.5, 4.325, 3.25],
			"to": [8.5, 10.325, 5.25],
			"rotation": {"angle": 0, "axis": "y", "origin": [8.25, 5.825, 4]},
			"faces": {
				"north": {"uv": [5, 10, 4, 16], "texture": "#1"},
				"east": {"uv": [4, 10, 6, 16], "rotation": 180, "texture": "#1"},
				"south": {"uv": [5, 16, 4, 10], "rotation": 180, "texture": "#1"},
				"west": {"uv": [4, 16, 6, 10], "texture": "#1"},
				"up": {"uv": [4, 10, 5, 12], "texture": "#1"},
				"down": {"uv": [0, 0, 0, 0], "rotation": 180, "texture": "#1"}
			}
		},
		{
			"from": [7.5, 0.37868, -2],
			"to": [8.5, 1.37868, 2],
			"rotation": {"angle": -45, "axis": "z", "origin": [8, 0.87868, 6]},
			"faces": {
				"north": {"uv": [0, 3, 1, 4], "rotation": 90, "texture": "#1"},
				"east": {"uv": [1, 8, 0, 4], "rotation": 270, "texture": "#1"},
				"south": {"uv": [0, 8.5, 1, 9.5], "rotation": 270, "texture": "#1"},
				"west": {"uv": [0, 4, 1, 8], "rotation": 270, "texture": "#1"},
				"up": {"uv": [1, 4, 0, 8], "texture": "#1"},
				"down": {"uv": [0, 8, 1, 4], "texture": "#1"}
			}
		},
		{
			"from": [7.25, 0.12868, 2],
			"to": [8.75, 1.62868, 8],
			"rotation": {"angle": -45, "axis": "z", "origin": [8, 0.87868, 6]},
			"faces": {
				"north": {"uv": [7.5, 0, 9, 1.5], "rotation": 180, "texture": "#1"},
				"east": {"uv": [12, 12.5, 10.5, 6.5], "rotation": 270, "texture": "#1"},
				"south": {"uv": [4.5, 1.5, 6, 3], "rotation": 90, "texture": "#1"},
				"west": {"uv": [10.5, 6.5, 12, 12.5], "rotation": 270, "texture": "#1"},
				"up": {"uv": [10, 6.5, 8.5, 12.5], "texture": "#1"},
				"down": {"uv": [8.5, 12.5, 10, 6.5], "texture": "#1"}
			}
		},
		{
			"from": [7.75, -0.93198, 5.99],
			"to": [8.25, 0.06802, 6],
			"rotation": {"angle": 0, "axis": "y", "origin": [7.75, -0.68198, 8.995]},
			"faces": {
				"north": {"uv": [0, 0, 0, 0], "rotation": 90, "texture": "#1"},
				"east": {"uv": [0, 0, 0, 0], "rotation": 270, "texture": "#1"},
				"south": {"uv": [0.5, 10.5, 1.5, 11], "rotation": 270, "texture": "#1"},
				"west": {"uv": [0, 0, 0, 0], "rotation": 270, "texture": "#1"},
				"up": {"uv": [0, 0, 0, 0], "rotation": 270, "texture": "#1"},
				"down": {"uv": [0, 0, 0, 0], "rotation": 270, "texture": "#1"}
			}
		},
		{
			"from": [7.25, -0.44632, 3],
			"to": [8.75, 0.55368, 5.5],
			"rotation": {"angle": 0, "axis": "y", "origin": [8.04289, 0.02513, 4.25]},
			"faces": {
				"north": {"uv": [1.5, 8, 0, 9], "rotation": 180, "texture": "#1"},
				"east": {"uv": [1, 10, 0, 7.5], "rotation": 270, "texture": "#1"},
				"south": {"uv": [0, 8, 1.5, 9], "rotation": 180, "texture": "#1"},
				"west": {"uv": [0, 10, 1, 7.5], "rotation": 270, "texture": "#1"},
				"up": {"uv": [1.5, 10, 0, 7.5], "texture": "#1"},
				"down": {"uv": [1.5, 7.5, 0, 10], "texture": "#1"}
			}
		},
		{
			"from": [7.5, -6.44632, 3.25],
			"to": [8.5, -0.44632, 5.25],
			"rotation": {"angle": 0, "axis": "y", "origin": [7.75, -1.94632, 4]},
			"faces": {
				"north": {"uv": [5, 10, 4, 16], "rotation": 180, "texture": "#1"},
				"east": {"uv": [4, 16, 6, 10], "rotation": 180, "texture": "#1"},
				"south": {"uv": [5, 16, 4, 10], "texture": "#1"},
				"west": {"uv": [4, 10, 6, 16], "texture": "#1"},
				"up": {"uv": [0, 0, 0, 0], "texture": "#1"},
				"down": {"uv": [4, 10, 5, 12], "rotation": 180, "texture": "#1"}
			}
		},
		{
			"from": [7.25, 1.18934, 12],
			"to": [8.75, 2.68934, 14],
			"rotation": {"angle": 0, "axis": "y", "origin": [8, 1.93934, 11.875]},
			"faces": {
				"north": {"uv": [14.5, 0, 16, 1.5], "rotation": 90, "texture": "#2"},
				"east": {"uv": [16, 0.5, 14.5, 2.5], "rotation": 90, "texture": "#2"},
				"south": {"uv": [14.5, 0, 16, 1.5], "rotation": 90, "texture": "#2"},
				"west": {"uv": [14.5, 2.5, 16, 0.5], "rotation": 90, "texture": "#2"},
				"up": {"uv": [14.5, 0.5, 16, 2.5], "texture": "#2"},
				"down": {"uv": [16, 2.5, 14.5, 0.5], "texture": "#2"}
			}
		}
	],
	"groups": [
		{
			"name": "group",
			"origin": [8, 8, 8],
			"color": 0,
			"children": [
				{
					"name": "group",
					"origin": [5.175, 3.25, 7.5],
					"color": 0,
					"children": []
				},
				{
					"name": "group",
					"origin": [5.175, 3.25, 7.5],
					"color": 0,
					"children": []
				}
			]
		},
		{
			"name": "Tank",
			"origin": [0, 0, 0],
			"color": 0,
			"children": []
		},
		{
			"name": "Axle",
			"origin": [8, 8, 8],
			"color": 0,
			"children": []
		},
		{
			"name": "group",
			"origin": [8, 8, 8],
			"color": 0,
			"children": [
				{
					"name": "group",
					"origin": [5.175, 3.25, 7.5],
					"color": 0,
					"children": [0, 1, 2, 3, 4, 5, 6, 7, 8, 9, 10]
				},
				{
					"name": "group",
					"origin": [5.175, 3.25, 7.5],
					"color": 0,
					"children": [11, 12, 13, 14, 15, 16, 17, 18, 19, 20, 21]
				}
			]
		},
		22
	]
}