{
	"credit": "Made with Blockbench",
	"texture_size": [8, 8],
	"textures": {
		"0": "alloyedguns:items/short_scope",
		"1": "alloyedguns:items/bazooka",
		"particle": "alloyedguns:items/short_scope"
	},
	"elements": [
		{
			"from": [6.5, 2.8, 1.5],
			"to": [9.5, 5.8, 15.5],
			"rotation": {"angle": 0, "axis": "y", "origin": [7, 3.6, 11]},
			"faces": {
				"east": {"uv": [0, 7, 1.5, 14], "rotation": 90, "texture": "#1"},
				"west": {"uv": [0, 14, 1.5, 7], "rotation": 90, "texture": "#1"},
				"up": {"uv": [1.5, 0, 0, 7], "texture": "#1"},
				"down": {"uv": [3, 14, 1.5, 7], "texture": "#1"}
			}
		},
		{
			"from": [6, 2.3, 0],
			"to": [10, 6.3, 2],
			"rotation": {"angle": 0, "axis": "y", "origin": [7, 3.6, 11]},
			"faces": {
				"north": {"uv": [8, 1.5, 10, 3.5], "texture": "#1", "cullface": "north"},
				"east": {"uv": [8, 3, 6, 2], "rotation": 90, "texture": "#1"},
				"south": {"uv": [8, 1.5, 10, 3.5], "texture": "#1"},
				"west": {"uv": [8, 3, 6, 2], "rotation": 90, "texture": "#1"},
				"up": {"uv": [8, 3, 6, 2], "texture": "#1"},
				"down": {"uv": [8, 2, 6, 3], "texture": "#1"}
			}
		},
		{
			"from": [6, 2.3, 4],
			"to": [10, 6.3, 9],
			"rotation": {"angle": 0, "axis": "y", "origin": [7, 3.6, 11]},
			"faces": {
				"north": {"uv": [2, 2, 4, 4], "texture": "#1"},
				"east": {"uv": [1.5, 0, 4, 2], "texture": "#1"},
				"south": {"uv": [2, 2, 4, 4], "texture": "#1"},
				"west": {"uv": [1.5, 0, 4, 2], "texture": "#1"},
				"up": {"uv": [6, 2.5, 4, 0], "texture": "#1"},
				"down": {"uv": [6, 2.5, 4, 5], "texture": "#1"}
			}
		},
		{
			"from": [6, 2.3, 15.5],
			"to": [10, 6.3, 17],
			"rotation": {"angle": 0, "axis": "y", "origin": [7, 3.6, 11]},
			"faces": {
				"north": {"uv": [8, 1.5, 10, 3.5], "texture": "#1"},
				"east": {"uv": [8, 0.75, 10, 1.5], "rotation": 90, "texture": "#1"},
				"south": {"uv": [8, 1.5, 10, 3.5], "texture": "#1", "cullface": "south"},
				"west": {"uv": [8, 0.75, 10, 1.5], "rotation": 90, "texture": "#1"},
				"up": {"uv": [10, 1.5, 8, 0.75], "texture": "#1"},
				"down": {"uv": [10, 0.75, 8, 1.5], "texture": "#1"}
			}
		},
		{
			"from": [6.75, 5.55, 16],
			"to": [9.25, 6.05, 17.5],
			"rotation": {"angle": 0, "axis": "y", "origin": [7, 3.6, 11.25]},
			"faces": {
				"south": {"uv": [6.25, 3, 7.5, 3.25], "texture": "#1", "cullface": "south"},
				"up": {"uv": [7.5, 3.75, 6.25, 3], "texture": "#1", "cullface": "south"},
				"down": {"uv": [7.5, 3, 6.25, 3.75], "texture": "#1", "cullface": "south"}
			}
		},
		{
			"from": [6.75, 2.55, 16],
			"to": [9.25, 3.05, 17.5],
			"rotation": {"angle": 0, "axis": "y", "origin": [7, 0.6, 11.25]},
			"faces": {
				"south": {"uv": [6.25, 3, 7.5, 3.25], "texture": "#1", "cullface": "south"},
				"up": {"uv": [7.5, 3.75, 6.25, 3], "texture": "#1", "cullface": "south"},
				"down": {"uv": [7.5, 3, 6.25, 3.75], "texture": "#1", "cullface": "south"}
			}
		},
		{
			"from": [6.25, 2.55, 16],
			"to": [6.75, 6.05, 17.5],
			"rotation": {"angle": 0, "axis": "z", "origin": [8, 4.3, 16.75]},
			"faces": {
				"east": {"uv": [8, 3, 6.25, 3.75], "rotation": 270, "texture": "#1", "cullface": "south"},
				"south": {"uv": [6.25, 3, 8, 3.25], "rotation": 270, "texture": "#1", "cullface": "south"},
				"west": {"uv": [8, 3.75, 6.25, 3], "rotation": 270, "texture": "#1", "cullface": "south"},
				"up": {"uv": [6.5, 3, 7.25, 3.25], "rotation": 270, "texture": "#1"},
				"down": {"uv": [6.5, 3, 7.25, 3.25], "rotation": 270, "texture": "#1"}
			}
		},
		{
			"from": [9.25, 2.55, 16],
			"to": [9.75, 6.05, 17.5],
			"rotation": {"angle": 0, "axis": "z", "origin": [8, 4.3, 16.75]},
			"faces": {
				"east": {"uv": [8, 3, 6.25, 3.75], "rotation": 270, "texture": "#1", "cullface": "south"},
				"south": {"uv": [6.25, 3, 8, 3.25], "rotation": 270, "texture": "#1", "cullface": "south"},
				"west": {"uv": [8, 3.75, 6.25, 3], "rotation": 270, "texture": "#1", "cullface": "south"},
				"up": {"uv": [6.5, 3, 7.25, 3.25], "rotation": 270, "texture": "#1"},
				"down": {"uv": [6.5, 3, 7.25, 3.25], "rotation": 270, "texture": "#1"}
			}
		},
		{
			"from": [9.25, 2.55, 15],
			"to": [9.75, 6.05, 16.5],
			"rotation": {"angle": 0, "axis": "y", "origin": [8, 4.3, 15.75]},
			"faces": {
				"north": {"uv": [6.25, 3, 8, 3.25], "rotation": 270, "texture": "#1", "cullface": "south"},
				"east": {"uv": [8, 3.75, 6.25, 3], "rotation": 270, "texture": "#1", "cullface": "south"},
				"west": {"uv": [8, 3, 6.25, 3.75], "rotation": 270, "texture": "#1", "cullface": "south"},
				"up": {"uv": [6.5, 3, 7.25, 3.25], "rotation": 90, "texture": "#1"},
				"down": {"uv": [6.5, 3, 7.25, 3.25], "rotation": 90, "texture": "#1"}
			}
		},
		{
			"from": [6.75, 5.55, 15],
			"to": [9.25, 6.05, 16.5],
			"rotation": {"angle": 0, "axis": "y", "origin": [8, 4.3, 15.75]},
			"faces": {
				"north": {"uv": [6.25, 3, 7.5, 3.25], "texture": "#1", "cullface": "south"},
				"up": {"uv": [7.5, 3.75, 6.25, 3], "rotation": 180, "texture": "#1", "cullface": "south"},
				"down": {"uv": [7.5, 3, 6.25, 3.75], "rotation": 180, "texture": "#1", "cullface": "south"}
			}
		},
		{
			"from": [6.25, 2.55, 15],
			"to": [6.75, 6.05, 16.5],
			"rotation": {"angle": 0, "axis": "y", "origin": [8, 4.3, 15.75]},
			"faces": {
				"north": {"uv": [6.25, 3, 8, 3.25], "rotation": 270, "texture": "#1", "cullface": "south"},
				"east": {"uv": [8, 3.75, 6.25, 3], "rotation": 270, "texture": "#1", "cullface": "south"},
				"west": {"uv": [8, 3, 6.25, 3.75], "rotation": 270, "texture": "#1", "cullface": "south"},
				"up": {"uv": [6.5, 3, 7.25, 3.25], "rotation": 90, "texture": "#1"},
				"down": {"uv": [6.5, 3, 7.25, 3.25], "rotation": 90, "texture": "#1"}
			}
		},
		{
			"from": [6.75, 2.55, 15],
			"to": [9.25, 3.05, 16.5],
			"rotation": {"angle": 0, "axis": "y", "origin": [8, 4.3, 15.75]},
			"faces": {
				"north": {"uv": [6.25, 3, 7.5, 3.25], "texture": "#1", "cullface": "south"},
				"up": {"uv": [7.5, 3.75, 6.25, 3], "rotation": 180, "texture": "#1", "cullface": "south"},
				"down": {"uv": [7.5, 3, 6.25, 3.75], "rotation": 180, "texture": "#1", "cullface": "south"}
			}
		},
		{
			"from": [9.25, 2.55, -0.5],
			"to": [9.75, 6.05, 1],
			"rotation": {"angle": 0, "axis": "y", "origin": [8, 4.3, 0.25]},
			"faces": {
				"north": {"uv": [6.25, 3, 8, 3.25], "rotation": 270, "texture": "#1", "cullface": "south"},
				"east": {"uv": [8, 3.75, 6.25, 3], "rotation": 270, "texture": "#1", "cullface": "south"},
				"west": {"uv": [8, 3, 6.25, 3.75], "rotation": 270, "texture": "#1", "cullface": "south"},
				"up": {"uv": [6.5, 3, 7.25, 3.25], "rotation": 90, "texture": "#1"},
				"down": {"uv": [6.5, 3, 7.25, 3.25], "rotation": 90, "texture": "#1"}
			}
		},
		{
			"from": [6.75, 5.55, -0.5],
			"to": [9.25, 6.05, 1],
			"rotation": {"angle": 0, "axis": "y", "origin": [8, 4.3, 0.25]},
			"faces": {
				"north": {"uv": [6.25, 3, 7.5, 3.25], "texture": "#1", "cullface": "south"},
				"up": {"uv": [7.5, 3.75, 6.25, 3], "rotation": 180, "texture": "#1", "cullface": "south"},
				"down": {"uv": [7.5, 3, 6.25, 3.75], "rotation": 180, "texture": "#1", "cullface": "south"}
			}
		},
		{
			"from": [6.25, 2.55, -0.5],
			"to": [6.75, 6.05, 1],
			"rotation": {"angle": 0, "axis": "y", "origin": [8, 4.3, 0.25]},
			"faces": {
				"north": {"uv": [6.25, 3, 8, 3.25], "rotation": 270, "texture": "#1", "cullface": "south"},
				"east": {"uv": [8, 3.75, 6.25, 3], "rotation": 270, "texture": "#1", "cullface": "south"},
				"west": {"uv": [8, 3, 6.25, 3.75], "rotation": 270, "texture": "#1", "cullface": "south"},
				"up": {"uv": [6.5, 3, 7.25, 3.25], "rotation": 90, "texture": "#1"},
				"down": {"uv": [6.5, 3, 7.25, 3.25], "rotation": 90, "texture": "#1"}
			}
		},
		{
			"from": [6.75, 2.55, -0.5],
			"to": [9.25, 3.05, 1],
			"rotation": {"angle": 0, "axis": "y", "origin": [8, 4.3, 0.25]},
			"faces": {
				"north": {"uv": [6.25, 3, 7.5, 3.25], "texture": "#1", "cullface": "south"},
				"up": {"uv": [7.5, 3.75, 6.25, 3], "rotation": 180, "texture": "#1", "cullface": "south"},
				"down": {"uv": [7.5, 3, 6.25, 3.75], "rotation": 180, "texture": "#1", "cullface": "south"}
			}
		},
		{
			"from": [7.15, -0.71319, 4.78506],
			"to": [8.65, 2.28681, 6.28506],
			"rotation": {"angle": 0, "axis": "x", "origin": [7.9, 0.28681, 5.28506]},
			"faces": {
				"north": {"uv": [6, 3, 7.5, 3.75], "rotation": 90, "texture": "#1"},
				"east": {"uv": [6, 3, 7.5, 3.75], "rotation": 90, "texture": "#1"},
				"south": {"uv": [6, 3, 7.5, 3.75], "rotation": 90, "texture": "#1"},
				"west": {"uv": [6, 3.75, 7.5, 3], "rotation": 90, "texture": "#1"},
				"down": {"uv": [6.75, 3, 6, 3.75], "texture": "#1", "cullface": "down"}
			}
		},
		{
			"from": [6.9, 1.78681, 11.03506],
			"to": [8.9, 2.78681, 15.03506],
			"rotation": {"angle": 0, "axis": "x", "origin": [7.9, 0.78681, 12.03506]},
			"faces": {
				"north": {"uv": [2, 4, 3, 4.5], "texture": "#1"},
				"east": {"uv": [2, 4.5, 4, 4], "rotation": 180, "texture": "#1"},
				"south": {"uv": [2, 4, 3, 4.5], "texture": "#1"},
				"west": {"uv": [4, 4.5, 2, 4], "rotation": 180, "texture": "#1"},
				"down": {"uv": [2, 5.25, 4, 4.25], "rotation": 90, "texture": "#1", "cullface": "down"}
			}
		},
		{
			"from": [7.9, 1.28681, 4.28506],
			"to": [7.9, 2.28681, 4.78506],
			"rotation": {"angle": 0, "axis": "y", "origin": [7.9, 0.78681, 5.78506]},
			"faces": {
				"east": {"uv": [8.25, 0.5, 8.75, 0.75], "rotation": 90, "texture": "#1"}
			}
		},
		{
			"from": [5.25, 3.55, 0.5],
			"to": [6.75, 5.05, 3],
			"rotation": {"angle": 0, "axis": "z", "origin": [5.125, 4.3, 1.375]},
			"faces": {
				"north": {"uv": [3, 3, 6, 6], "rotation": 90, "texture": "#0"},
				"east": {"uv": [0, 8, 3, 3], "rotation": 270, "texture": "#0"},
				"south": {"uv": [3, 4, 0, 7], "texture": "#0"},
				"west": {"uv": [0, 10, 3, 5], "rotation": 270, "texture": "#0"},
				"up": {"uv": [3, 3, 0, 8], "texture": "#0"},
				"down": {"uv": [3, 8, 0, 3], "texture": "#0"}
			}
		},
		{
			"from": [3.75, 3.55, 0.5],
			"to": [5.25, 5.05, 1.5],
			"rotation": {"angle": 0, "axis": "z", "origin": [5.125, 4.3, 1.375]},
			"faces": {
				"east": {"uv": [6, 3, 4, 0], "texture": "#0"},
				"west": {"uv": [2, 3, 4, 0], "texture": "#0"},
				"up": {"uv": [2, 0, 0, 3], "rotation": 270, "texture": "#0"},
				"down": {"uv": [0, 0, 2, 3], "rotation": 270, "texture": "#0"}
			}
		},
		{
			"from": [3.75, 3.55, 1.5],
			"to": [4, 5.05, 1.5],
			"rotation": {"angle": 0, "axis": "y", "origin": [4.25, 4.3, 1.5]},
			"faces": {
				"south": {"uv": [3.75, 0, 3, 1.5], "texture": "#0"},
				"up": {"uv": [0.5, 0, 0, 0], "texture": "#0"},
				"down": {"uv": [0, 0, 0.5, 0], "rotation": 180, "texture": "#0"}
			}
		},
		{
			"from": [4, 3.55, 1.5],
			"to": [5, 3.8, 1.5],
			"rotation": {"angle": 0, "axis": "y", "origin": [4.5, 4.3, 1.5]},
			"faces": {
				"south": {"uv": [1.5, 2.5, 1, 0.5], "rotation": 90, "texture": "#0"}
			}
		},
		{
			"from": [4, 4.8, 1.5],
			"to": [5, 5.05, 1.5],
			"rotation": {"angle": 0, "axis": "y", "origin": [4.5, 5.55, 1.5]},
			"faces": {
				"south": {"uv": [1.5, 2.5, 1, 0.5], "rotation": 90, "texture": "#0"}
			}
		},
		{
			"from": [5, 3.55, 1.5],
			"to": [5.25, 5.05, 1.5],
			"rotation": {"angle": 0, "axis": "y", "origin": [5.25, 4.3, 1.5]},
			"faces": {
				"north": {"uv": [2.75, 0, 2, 1.5], "texture": "#0"}
			}
		}
	],
	"display": {
		"thirdperson_righthand": {
			"rotation": [15, 0, 0],
			"translation": [0, -0.25, 0],
			"scale": [1.5, 1.5, 1.5]
		},
		"thirdperson_lefthand": {
			"translation": [0, 0, 3]
		},
		"firstperson_righthand": {
			"translation": [-2.5, 3.5, 3],
			"scale": [1.5, 1.5, 1.5]
		},
		"firstperson_lefthand": {
			"translation": [0, 0, 3.5]
		},
		"ground": {
			"translation": [0, -3, 0],
			"scale": [2, 2, 2]
		},
		"gui": {
			"rotation": [30, 225, 0],
			"translation": [-1.25, -3.5, 0],
			"scale": [3, 3, 3]
		},
		"fixed": {
			"rotation": [0, 90, 0],
			"translation": [0, -3.75, -2],
			"scale": [3, 3, 3]
		}
	},
	"groups": [
		0,
		1,
		2,
		{
			"name": "group",
			"origin": [7, 3.6, 11],
			"color": 0,
			"children": [3, 4, 5, 6, 7, 8, 9, 10, 11, 12, 13, 14, 15, 16, 17, 18]
		},
		19,
		20,
		21,
		22,
		23,
		24,
		{
			"name": "group",
			"origin": [7, 3.6, 11],
			"color": 0,
			"children": []
		}
	]
}