{
	"credit": "End_Rage waz here",
	"textures": {
		"0": "alloyedguns:items/heavy_rifle",
		"particle": "alloyedguns:items/heavy_rifle"
	},
	"elements": [
		{
			"from": [8, 1.5, 13.5],
			"to": [8, 2.5, 14.5],
			"rotation": {"angle": -45, "axis": "x", "origin": [8, 2, 14]},
			"faces": {
				"north": {"uv": [0, 0, 0, 0], "texture": "#0"},
				"east": {"uv": [0, 0, 0, 0], "texture": "#0"},
				"south": {"uv": [0, 0, 0, 0], "texture": "#0"},
				"up": {"uv": [0, 0, 0, 0], "texture": "#0"},
				"down": {"uv": [0, 0, 0, 0], "texture": "#0"}
			}
		},
		{
			"from": [8.98744, 2.07322, 15.24],
			"to": [10.48744, 2.57322, 15.25],
			"rotation": {"angle": -45, "axis": "z", "origin": [9.48744, 2.82322, 20.745]},
			"faces": {
				"south": {"uv": [1.5, 9.5, 0, 10], "texture": "#0"}
			}
		},
		{
			"from": [7.5, 0.90901, 13.63388],
			"to": [8.5, 1.90901, 16.63388],
			"rotation": {"angle": 45, "axis": "x", "origin": [8, 1.40901, 15.38388]},
			"faces": {
				"north": {"uv": [0, 0, 0, 0], "texture": "#0"},
				"east": {"uv": [5.5, 9, 6.5, 6], "rotation": 90, "texture": "#0"},
				"south": {"uv": [5.5, 7, 6.5, 8], "texture": "#0"},
				"west": {"uv": [5.5, 6, 6.5, 9], "rotation": 90, "texture": "#0"},
				"up": {"uv": [6.5, 9, 5.5, 6], "texture": "#0"},
				"down": {"uv": [6.5, 6, 5.5, 9], "texture": "#0"}
			}
		},
		{
			"from": [7.5, 2, 12.5],
			"to": [8.5, 3, 14.5],
			"rotation": {"angle": 0, "axis": "y", "origin": [8, 2.5, 12.5]},
			"faces": {
				"north": {"uv": [2.5, 7, 3.5, 8], "texture": "#0"},
				"east": {"uv": [2.5, 8, 3.5, 6], "rotation": 90, "texture": "#0"},
				"south": {"uv": [0, 0, 0, 0], "texture": "#0"},
				"west": {"uv": [2.5, 6, 3.5, 8], "rotation": 90, "texture": "#0"},
				"up": {"uv": [0, 0, 0, 0], "texture": "#0"},
				"down": {"uv": [3.5, 6, 2.5, 8], "texture": "#0"}
			}
		},
		{
			"from": [7.5, 2.5, -12.5],
			"to": [8.5, 3.5, -0.5],
			"rotation": {"angle": -45, "axis": "z", "origin": [8, 3, 4.5]},
			"faces": {
				"east": {"uv": [5, 14, 4, 2], "rotation": 90, "texture": "#0"},
				"south": {"uv": [4, 6.5, 5, 7.5], "texture": "#0"},
				"west": {"uv": [4, 14, 5, 2], "rotation": 90, "texture": "#0"},
				"up": {"uv": [4, 2, 5, 14], "texture": "#0"},
				"down": {"uv": [5, 14, 4, 2], "texture": "#0"}
			}
		},
		{
			"from": [7.25, 2.25, -16],
			"to": [8.75, 3.75, -12.5],
			"rotation": {"angle": -45, "axis": "z", "origin": [8, 3, 4.5]},
			"faces": {
				"north": {"uv": [7, 2, 8.5, 3.5], "texture": "#0"},
				"east": {"uv": [10, 12.5, 8.5, 16], "rotation": 90, "texture": "#0"},
				"south": {"uv": [8.5, 5, 10, 6.5], "texture": "#0"},
				"west": {"uv": [8.5, 16, 10, 12.5], "rotation": 90, "texture": "#0"},
				"up": {"uv": [8.5, 12.5, 10, 16], "texture": "#0"},
				"down": {"uv": [10, 16, 8.5, 12.5], "texture": "#0"}
			}
		},
		{
			"from": [7.5, 2.5, -0.25],
			"to": [8.5, 3.5, 12.25],
			"rotation": {"angle": -45, "axis": "z", "origin": [8, 3, 20.25]},
			"faces": {
				"north": {"uv": [0, 6.5, 1, 7.5], "texture": "#0"},
				"east": {"uv": [1, 3, 0, 15.5], "rotation": 90, "texture": "#0"},
				"south": {"uv": [0, 6.5, 1, 7.5], "texture": "#0"},
				"west": {"uv": [0, 15.5, 1, 3], "rotation": 90, "texture": "#0"},
				"up": {"uv": [0, 3, 1, 15.5], "texture": "#0"},
				"down": {"uv": [1, 15.5, 0, 3], "texture": "#0"}
			}
		},
		{
			"name": "slide",
			"from": [7.75, 2.5, 11.5],
			"to": [8.75, 3.5, 15.5],
			"rotation": {"angle": -45, "axis": "z", "origin": [8.25, 3, 19.5]},
			"faces": {
				"north": {"uv": [0, 3, 1, 4], "texture": "#0"},
				"east": {"uv": [7, 1, 6, 5], "rotation": 90, "texture": "#0"},
				"south": {"uv": [0, 8.5, 1, 9.5], "texture": "#0"},
				"west": {"uv": [6, 5, 7, 1], "rotation": 90, "texture": "#0"},
				"up": {"uv": [6, 1, 7, 5], "texture": "#0"},
				"down": {"uv": [7, 5, 6, 1], "texture": "#0"}
			}
		},
		{
			"from": [7.5, 1.5, 9],
			"to": [8.5, 2.5, 12.5],
			"rotation": {"angle": 0, "axis": "y", "origin": [15.25, 1.5, 10.5]},
			"faces": {
				"north": {"uv": [2, 6, 3, 5], "rotation": 270, "texture": "#0"},
				"east": {"uv": [3, 6.5, 2, 3], "rotation": 90, "texture": "#0"},
				"south": {"uv": [2, 4, 3, 5], "rotation": 270, "texture": "#0"},
				"west": {"uv": [3, 3, 2, 6.5], "rotation": 90, "texture": "#0"},
				"up": {"uv": [0, 0, 0, 0], "texture": "#0"},
				"down": {"uv": [3, 4, 2, 7.5], "texture": "#0"}
			}
		},
		{
			"from": [7.5, 3.5, 6],
			"to": [8.5, 4.5, 9.5],
			"rotation": {"angle": 0, "axis": "y", "origin": [15.25, 3.5, 7.5]},
			"faces": {
				"north": {"uv": [10.5, 1.5, 11.5, 2.5], "texture": "#0"},
				"east": {"uv": [2, 14.5, 3, 11], "rotation": 90, "texture": "#0"},
				"south": {"uv": [10.5, 0.5, 11.5, 1.5], "texture": "#0"},
				"west": {"uv": [2, 11, 3, 14.5], "rotation": 90, "texture": "#0"},
				"up": {"uv": [12, 4, 13, 7.5], "texture": "#0"},
				"down": {"uv": [13, 4.5, 12, 8], "texture": "#0"}
			}
		},
		{
			"from": [7.25, 2.25, 3.5],
			"to": [8.75, 3.75, 19.5],
			"rotation": {"angle": -45, "axis": "z", "origin": [8, 3, 9.5]},
			"faces": {
				"east": {"uv": [5.5, 0, 4, 16], "rotation": 90, "texture": "#0"},
				"south": {"uv": [0, 7.5, 1.5, 9], "texture": "#0"},
				"west": {"uv": [14.5, 16, 16, 0], "rotation": 90, "texture": "#0"},
				"up": {"uv": [13, 0, 14.5, 16], "texture": "#0"},
				"down": {"uv": [1.5, 16, 0, 0], "texture": "#0"}
			}
		},
		{
			"from": [7.25, 2.25, -0.5],
			"to": [8.75, 3.75, 3.5],
			"rotation": {"angle": -45, "axis": "z", "origin": [8, 3, 1.5]},
			"faces": {
				"north": {"uv": [0, 7.5, 1.5, 9], "rotation": 180, "texture": "#0"},
				"east": {"uv": [10, 4, 8.5, 0], "rotation": 270, "texture": "#0"},
				"west": {"uv": [7, 9, 8.5, 5], "rotation": 270, "texture": "#0"},
				"up": {"uv": [8, 14.5, 6.5, 10.5], "texture": "#0"},
				"down": {"uv": [8.5, 4, 10, 0], "texture": "#0"}
			}
		},
		{
			"from": [7, 0.56066, 19.5],
			"to": [9, 4.06066, 20.5],
			"rotation": {"angle": 0, "axis": "z", "origin": [8, 3.31066, 20]},
			"faces": {
				"north": {"uv": [10.5, 0.5, 12.5, 4], "texture": "#0"},
				"east": {"uv": [11.5, 4, 10.5, 0.5], "texture": "#0"},
				"south": {"uv": [10.5, 0.5, 12.5, 4], "texture": "#0"},
				"west": {"uv": [11.5, 4, 10.5, 0.5], "texture": "#0"},
				"up": {"uv": [10.5, 1, 12.5, 2], "texture": "#0"},
				"down": {"uv": [12.5, 2.5, 10.5, 1.5], "texture": "#0"}
			}
		}
	]
}