{
	"credit": "Model by MrCrayfish (https://twitter.com/MrCraayfish) using Blockbench",
	"textures": {
		"0": "alloyedguns:items/pistol",
		"particle": "alloyedguns:items/pistol"
	},
	"elements": [
		{
			"from": [7.5, 2.5, 8.5],
			"to": [8.5, 3.5, 14.5],
			"rotation": {"angle": -45, "axis": "z", "origin": [8, 3, 9.5]},
			"faces": {
				"north": {"uv": [0, 3, 1, 4], "texture": "#0"},
				"east": {"uv": [8, 4, 7, 10], "rotation": 90, "texture": "#0"},
				"south": {"uv": [7, 8.5, 8, 9.5], "texture": "#0"},
				"west": {"uv": [0, 10, 1, 4], "rotation": 90, "texture": "#0"},
				"up": {"uv": [7, 4, 8, 10], "texture": "#0"},
				"down": {"uv": [1, 10, 0, 4], "texture": "#0"}
			}
		},
		{
			"from": [7.5, 2, 12.5],
			"to": [8.5, 3, 14.5],
			"rotation": {"angle": 0, "axis": "y", "origin": [8, 2.5, 12.5]},
			"faces": {
				"north": {"uv": [2, 7, 3, 8], "texture": "#0"},
				"east": {"uv": [2, 8, 3, 6], "rotation": 90, "texture": "#0"},
				"south": {"uv": [0, 0, 0, 0], "texture": "#0"},
				"west": {"uv": [2, 6, 3, 8], "rotation": 90, "texture": "#0"},
				"up": {"uv": [0, 0, 0, 0], "texture": "#0"},
				"down": {"uv": [3, 6, 2, 8], "texture": "#0"}
			}
		},
		{
			"from": [7.5, 0.90901, 13.63388],
			"to": [8.5, 1.90901, 16.63388],
			"rotation": {"angle": 45, "axis": "x", "origin": [8, 1.40901, 15.38388]},
			"faces": {
				"north": {"uv": [0, 0, 0, 0], "texture": "#0"},
				"east": {"uv": [2, 6, 3, 3], "rotation": 90, "texture": "#0"},
				"south": {"uv": [2, 4, 3, 5], "texture": "#0"},
				"west": {"uv": [2, 3, 3, 6], "rotation": 90, "texture": "#0"},
				"up": {"uv": [3, 6, 2, 3], "texture": "#0"},
				"down": {"uv": [3, 3, 2, 6], "texture": "#0"}
			}
		},
		{
			"from": [7.75, 3.45711, 9],
			"to": [8.25, 3.95711, 9.5],
			"rotation": {"angle": 0, "axis": "y", "origin": [6, 2.45711, 4.75]},
			"faces": {
				"north": {"uv": [4.5, 3, 5, 3.5], "rotation": 180, "texture": "#0"},
				"east": {"uv": [4.5, 3, 5, 3.5], "rotation": 180, "texture": "#0"},
				"south": {"uv": [4.5, 3, 5, 3.5], "rotation": 180, "texture": "#0"},
				"west": {"uv": [4.5, 3, 5, 3.5], "rotation": 180, "texture": "#0"},
				"up": {"uv": [4.5, 3, 5, 3.5], "rotation": 180, "texture": "#0"},
				"down": {"uv": [4.5, 3, 5, 3.5], "rotation": 180, "texture": "#0"}
			}
		},
		{
			"from": [8.35355, 2.85355, 10.5],
			"to": [9.35355, 3.35355, 10.51],
			"rotation": {"angle": 0, "axis": "y", "origin": [7.35355, 3.60355, 6.75]},
			"faces": {
				"east": {"uv": [0, 0, 0, 0], "texture": "#0"}
			}
		},
		{
			"from": [8, 1.5, 13.5],
			"to": [8, 2.5, 14.5],
			"rotation": {"angle": -45, "axis": "x", "origin": [8, 2, 14]},
			"faces": {
				"north": {"uv": [0, 0, 0, 0], "texture": "#0"},
				"east": {"uv": [0, 0, 0, 0], "texture": "#0"},
				"south": {"uv": [0, 0, 0, 0], "texture": "#0"},
				"up": {"uv": [0, 0, 0, 0], "texture": "#0"},
				"down": {"uv": [0, 0, 0, 0], "texture": "#0"}
			}
		},
		{
			"from": [7.5, -0.04289, 10.5],
			"to": [8.5, 2.95711, 12.5],
			"rotation": {"angle": 0, "axis": "y", "origin": [8, -2.04289, 11]},
			"faces": {
				"north": {"uv": [5, 3, 4, 6], "rotation": 180, "texture": "#0"},
				"east": {"uv": [4, 6, 6, 3], "rotation": 180, "texture": "#0"},
				"south": {"uv": [5, 6, 4, 3], "texture": "#0"},
				"west": {"uv": [4, 3, 6, 6], "texture": "#0"},
				"up": {"uv": [0, 0, 0, 0], "texture": "#0"},
				"down": {"uv": [4, 3, 5, 5], "rotation": 180, "texture": "#0"}
			}
		},
		{
			"from": [7.5, 2, 9.5],
			"to": [8.5, 3, 10.5],
			"rotation": {"angle": 0, "axis": "y", "origin": [8, 2.5, 8.5]},
			"faces": {
				"north": {"uv": [2, 7, 3, 8], "texture": "#0"},
				"east": {"uv": [2, 8, 3, 6], "rotation": 90, "texture": "#0"},
				"south": {"uv": [0, 0, 0, 0], "texture": "#0"},
				"west": {"uv": [2, 6, 3, 8], "rotation": 90, "texture": "#0"},
				"up": {"uv": [0, 0, 0, 0], "texture": "#0"},
				"down": {"uv": [3, 6, 2, 8], "texture": "#0"}
			}
		}
	]
}