{
	"credit": "Model By End_Rage",
	"textures": {
		"2": "alloyedguns:items/pistol",
		"particle": "alloyedguns:items/pistol"
	},
	"elements": [
		{
			"from": [7.5, 2.5, 8.5],
			"to": [8.5, 3.5, 14.5],
			"rotation": {"angle": -45, "axis": "z", "origin": [8, 3, 9.5]},
			"faces": {
				"north": {"uv": [0, 3, 1, 4], "texture": "#2"},
				"east": {"uv": [0, 4, 1, 10], "rotation": 90, "texture": "#2"},
				"south": {"uv": [0, 9, 1, 10], "texture": "#2"},
				"west": {"uv": [1, 16, 0, 10], "rotation": 90, "texture": "#2"},
				"up": {"uv": [1, 4, 0, 10], "texture": "#2"},
				"down": {"uv": [0, 10, 1, 4], "texture": "#2"}
			}
		},
		{
			"from": [7.5, 2, 10.5],
			"to": [8.5, 3, 14.5],
			"rotation": {"angle": 0, "axis": "z", "origin": [8, 2.5, 12.5]},
			"faces": {
				"north": {"uv": [2, 8, 3, 9], "texture": "#2"},
				"east": {"uv": [2, 10, 3, 6], "rotation": 90, "texture": "#2"},
				"west": {"uv": [2, 6, 3, 10], "rotation": 90, "texture": "#2"},
				"down": {"uv": [3, 6, 2, 10], "texture": "#2"}
			}
		},
		{
			"from": [7.75, 3.45711, 9],
			"to": [8.25, 3.95711, 9.5],
			"rotation": {"angle": 0, "axis": "z", "origin": [8, 3.70711, 9.25]},
			"faces": {
				"north": {"uv": [2, 8, 2.25, 8.25], "texture": "#2"},
				"east": {"uv": [2, 8, 2.25, 8.25], "texture": "#2"},
				"south": {"uv": [2, 8, 2.25, 8.25], "texture": "#2"},
				"west": {"uv": [2, 8, 2.25, 8.25], "texture": "#2"},
				"up": {"uv": [2, 8, 2.25, 8.25], "texture": "#2"},
				"down": {"uv": [2, 8, 2.25, 8.25], "texture": "#2"}
			}
		},
		{
			"from": [7.5, 0.90901, 13.63388],
			"to": [8.5, 1.90901, 16.63388],
			"rotation": {"angle": 45, "axis": "x", "origin": [8, 1.40901, 15.38388]},
			"faces": {
				"east": {"uv": [2, 6, 3, 3], "rotation": 90, "texture": "#2"},
				"south": {"uv": [2, 4, 3, 5], "texture": "#2"},
				"west": {"uv": [2, 3, 3, 6], "rotation": 90, "texture": "#2"},
				"up": {"uv": [3, 6, 2, 3], "texture": "#2"},
				"down": {"uv": [3, 3, 2, 6], "texture": "#2"}
			}
		},
		{
			"from": [7.5, 2.5, 11.4875],
			"to": [8.5, 3.5, 13.5125],
			"rotation": {"angle": 0, "axis": "z", "origin": [8, 2.29289, 12.5]},
			"faces": {
				"north": {"uv": [1, 3, 2, 2], "texture": "#2"},
				"south": {"uv": [1, 2, 2, 3], "rotation": 180, "texture": "#2"},
				"up": {"uv": [3, 2, 2, 0], "texture": "#2"}
			}
		},
		{
			"from": [6.79289, 1.79289, 11.4875],
			"to": [7.79289, 2.79289, 13.5125],
			"rotation": {"angle": 0, "axis": "z", "origin": [8, 2.29289, 12.5]},
			"faces": {
				"north": {"uv": [1, 3, 2, 2], "rotation": 90, "texture": "#2"},
				"south": {"uv": [1, 2, 2, 3], "rotation": 90, "texture": "#2"},
				"west": {"uv": [3, 2, 2, 0], "rotation": 270, "texture": "#2"}
			}
		},
		{
			"from": [7.5, 1.08579, 11.4875],
			"to": [8.5, 2.08579, 13.5125],
			"rotation": {"angle": 0, "axis": "z", "origin": [8, 2.29289, 12.5]},
			"faces": {
				"north": {"uv": [1, 3, 2, 2], "rotation": 180, "texture": "#2"},
				"south": {"uv": [1, 2, 2, 3], "texture": "#2"},
				"down": {"uv": [3, 2, 2, 0], "rotation": 180, "texture": "#2"}
			}
		},
		{
			"from": [8.20711, 1.79289, 11.4875],
			"to": [9.20711, 2.79289, 13.5125],
			"rotation": {"angle": 0, "axis": "z", "origin": [8, 2.29289, 12.5]},
			"faces": {
				"north": {"uv": [1, 3, 2, 2], "rotation": 270, "texture": "#2"},
				"east": {"uv": [3, 2, 2, 0], "rotation": 90, "texture": "#2"},
				"south": {"uv": [1, 2, 2, 3], "rotation": 270, "texture": "#2"}
			}
		},
		{
			"from": [8, 2.70711, 14.25],
			"to": [8, 3.70711, 15.25],
			"rotation": {"angle": -22.5, "axis": "x", "origin": [8, 3.20711, 14.5]},
			"faces": {
				"east": {"uv": [5, 0, 4, 1], "texture": "#2"}
			}
		},
		{
			"from": [8, 1.20711, 13.5],
			"to": [8, 2.20711, 14.5],
			"rotation": {"angle": 22.5, "axis": "x", "origin": [8, 1.70711, 14]},
			"faces": {
				"east": {"uv": [5, 0, 4, 1], "rotation": 270, "texture": "#2"}
			}
		},
		{
			"from": [8, 2, 9.5],
			"to": [8, 2.5, 10.5],
			"rotation": {"angle": 0, "axis": "x", "origin": [8, 2.5, 10]},
			"faces": {
				"east": {"uv": [0, 11.5, 0.5, 12.5], "rotation": 90, "texture": "#2"}
			}
		},
		{
			"from": [7.5, 1.08579, 11.5],
			"to": [8.5, 2.08579, 13.5],
			"rotation": {"angle": -45, "axis": "z", "origin": [8, 2.29289, 12.5]},
			"faces": {
				"north": {"uv": [1, 3, 2, 2], "rotation": 180, "texture": "#2"},
				"south": {"uv": [1, 2, 2, 3], "texture": "#2"},
				"down": {"uv": [1, 0, 0, 2], "texture": "#2"}
			}
		},
		{
			"from": [6.79289, 1.79289, 11.5],
			"to": [7.79289, 2.79289, 13.5],
			"rotation": {"angle": -45, "axis": "z", "origin": [8, 2.29289, 12.5]},
			"faces": {
				"north": {"uv": [2, 2, 1, 3], "rotation": 270, "texture": "#2"},
				"south": {"uv": [1, 2, 2, 3], "rotation": 90, "texture": "#2"},
				"west": {"uv": [1, 0, 0, 2], "rotation": 90, "texture": "#2"}
			}
		},
		{
			"from": [7.5, 2.5, 11.5],
			"to": [8.5, 3.5, 13.5],
			"rotation": {"angle": -45, "axis": "z", "origin": [8, 2.29289, 12.5]},
			"faces": {
				"north": {"uv": [2, 2, 1, 3], "rotation": 180, "texture": "#2"},
				"south": {"uv": [1, 2, 2, 3], "rotation": 180, "texture": "#2"},
				"up": {"uv": [1, 0, 0, 2], "rotation": 180, "texture": "#2"}
			}
		},
		{
			"from": [7.5, 1.08579, 11.5],
			"to": [8.5, 2.08579, 13.5],
			"rotation": {"angle": 45, "axis": "z", "origin": [8, 2.29289, 12.5]},
			"faces": {
				"north": {"uv": [1, 3, 2, 2], "rotation": 180, "texture": "#2"},
				"south": {"uv": [1, 2, 2, 3], "texture": "#2"},
				"down": {"uv": [1, 0, 0, 2], "texture": "#2"}
			}
		}
	],
	"groups": [
		0,
		1,
		2,
		3,
		{
			"name": "group",
			"origin": [7.5, 1.58579, 12.5],
			"color": 0,
			"children": [4, 5, 6, 7, 8, 9, 10, 11, 12, 13, 14]
		},
		{
			"name": "group",
			"origin": [8, 3, 15.5],
			"color": 0,
			"children": []
		}
	]
}