{
	"credit": "End_Rage waz here",
	"textures": {
		"0": "alloyedguns:items/shotgun",
		"particle": "alloyedguns:items/shotgun"
	},
	"elements": [
		{
			"from": [6.875, 2.5, -1],
			"to": [7.875, 3.5, 13],
			"rotation": {"angle": -45, "axis": "z", "origin": [7.375, 3, 8]},
			"faces": {
				"north": {"uv": [0, 3, 1, 4], "texture": "#0"},
				"east": {"uv": [9, 0, 10, 14], "rotation": 90, "texture": "#0"},
				"south": {"uv": [10, 14, 9, 13], "texture": "#0"},
				"west": {"uv": [10, 14, 9, 0], "rotation": 90, "texture": "#0"},
				"up": {"uv": [10, 0, 9, 14], "texture": "#0"},
				"down": {"uv": [9, 14, 10, 0], "texture": "#0"}
			}
		},
		{
			"from": [7.5, 2, 12],
			"to": [8.5, 3, 14.5],
			"rotation": {"angle": 0, "axis": "y", "origin": [8, 2.5, 12.5]},
			"faces": {
				"north": {"uv": [2, 7, 3, 8], "texture": "#0"},
				"east": {"uv": [2, 8, 3, 6], "rotation": 90, "texture": "#0"},
				"south": {"uv": [0, 0, 0, 0], "texture": "#0"},
				"west": {"uv": [2, 6, 3, 8], "rotation": 90, "texture": "#0"},
				"up": {"uv": [2, 5, 3, 7], "texture": "#0"},
				"down": {"uv": [3, 6, 2, 8], "texture": "#0"}
			}
		},
		{
			"from": [7.25, 1.5, 5.5],
			"to": [8.75, 3, 12],
			"rotation": {"angle": 0, "axis": "y", "origin": [8, 2.5, 15.5]},
			"faces": {
				"north": {"uv": [4, 11, 5.5, 12.5], "texture": "#0"},
				"east": {"uv": [4, 16, 5.5, 9.5], "rotation": 90, "texture": "#0"},
				"south": {"uv": [4, 11.5, 5.5, 13], "texture": "#0"},
				"west": {"uv": [4, 9.5, 5.5, 16], "rotation": 90, "texture": "#0"},
				"up": {"uv": [0, 0, 0, 0], "texture": "#0"},
				"down": {"uv": [5.5, 9.5, 4, 16], "texture": "#0"}
			}
		},
		{
			"from": [7.5, 1.36836, 14.17545],
			"to": [8.5, 2.36836, 17.17545],
			"rotation": {"angle": 22.5, "axis": "x", "origin": [8, 1.86836, 15.92545]},
			"faces": {
				"north": {"uv": [0, 0, 0, 0], "texture": "#0"},
				"east": {"uv": [2, 6, 3, 3], "rotation": 90, "texture": "#0"},
				"south": {"uv": [2, 4, 3, 5], "texture": "#0"},
				"west": {"uv": [2, 3, 3, 6], "rotation": 90, "texture": "#0"},
				"up": {"uv": [3, 6, 2, 3], "texture": "#0"},
				"down": {"uv": [3, 3, 2, 6], "texture": "#0"}
			}
		},
		{
			"from": [8.525, 2.45711, 12.5],
			"to": [8.525, 3.45711, 14],
			"rotation": {"angle": -22.5, "axis": "x", "origin": [8.525, 2.95711, 13.25]},
			"faces": {
				"east": {"uv": [3.5, 0, 5, 1], "texture": "#0"}
			}
		},
		{
			"from": [7.475, 2.45711, 12.5],
			"to": [7.475, 3.45711, 14],
			"rotation": {"angle": -22.5, "axis": "x", "origin": [7.475, 2.95711, 13.25]},
			"faces": {
				"west": {"uv": [5, 0, 3.5, 1], "texture": "#0"}
			}
		},
		{
			"from": [7.999, 3, 12.5],
			"to": [7.999, 3.5, 14],
			"rotation": {"angle": 0, "axis": "y", "origin": [7.999, 3.25, 13]},
			"faces": {
				"west": {"uv": [5.5, 3.5, 4, 3], "texture": "#0"}
			}
		},
		{
			"from": [8.25, 1.20711, 13],
			"to": [8.25, 2.20711, 14],
			"rotation": {"angle": 22.5, "axis": "x", "origin": [8, 1.70711, 13.5]},
			"faces": {
				"west": {"uv": [3.5, 0, 4.5, 1], "texture": "#0"}
			}
		},
		{
			"from": [7.75, 1.20711, 13.5],
			"to": [7.75, 2.20711, 14.5],
			"rotation": {"angle": 22.5, "axis": "x", "origin": [8, 1.70711, 14]},
			"faces": {
				"west": {"uv": [3.5, 0, 4.5, 1], "texture": "#0"}
			}
		},
		{
			"from": [8.125, 2.5, -1],
			"to": [9.125, 3.5, 13],
			"rotation": {"angle": -45, "axis": "z", "origin": [8.625, 3, 8]},
			"faces": {
				"north": {"uv": [0, 3, 1, 4], "texture": "#0"},
				"east": {"uv": [9, 0, 10, 14], "rotation": 90, "texture": "#0"},
				"south": {"uv": [10, 13, 9, 14], "rotation": 90, "texture": "#0"},
				"west": {"uv": [10, 14, 9, 0], "rotation": 90, "texture": "#0"},
				"up": {"uv": [10, 0, 9, 14], "texture": "#0"},
				"down": {"uv": [9, 14, 10, 0], "texture": "#0"}
			}
		}
	]
}